id,type,label,arxiv_id,doi,timeline,reading_status,verification,path,topics
arxiv:2111.03794,paper,Physics-Informed Neural Operator for Learning Partial Differential Equations,2111.03794,10.1145/3648506,"{""basis"": ""arxiv_id_month_inferred"", ""is_publication_date"": false, ""precision"": ""month"", ""source_ref"": ""metadata/papers.jsonl:1"", ""uncertainty"": ""由注册表arXiv编号推断提交年月；本次未逐篇核验编号与标题对应，不能代替正式发表时间。"", ""value"": ""2021-11""}",,legacy_unverified,,"[""topic:operator_learning"", ""topic:physics_constraints"", ""topic:adaptation""]"
arxiv:2202.11214,paper,FourCastNet: A Global Data-driven High-resolution Weather Model using Adaptive Fourier Neural Operators,2202.11214,,"{""basis"": ""arxiv_id_month_inferred"", ""is_publication_date"": false, ""precision"": ""month"", ""source_ref"": ""metadata/papers.jsonl:2"", ""uncertainty"": ""由注册表arXiv编号推断提交年月；本次未逐篇核验编号与标题对应，不能代替正式发表时间。"", ""value"": ""2022-02""}",,legacy_unverified,,"[""topic:operator_learning"", ""topic:multiscale"", ""topic:adaptation""]"
arxiv:2206.10745,paper,Derivative-Informed Neural Operator: An efficient framework for high-dimensional parametric derivative learning,2206.10745,10.1016/j.jcp.2023.112555,"{""basis"": ""arxiv_id_month_inferred"", ""is_publication_date"": false, ""precision"": ""month"", ""source_ref"": ""metadata/papers.jsonl:3"", ""uncertainty"": ""由注册表arXiv编号推断提交年月；本次未逐篇核验编号与标题对应，不能代替正式发表时间。"", ""value"": ""2022-06""}",,legacy_unverified,,"[""topic:operator_learning"", ""topic:efficiency""]"
arxiv:2206.12698,paper,Render unto Numerics: Orthogonal Polynomial Neural Operator for PDEs with Nonperiodic Boundary Conditions,2206.12698,10.1137/23m1556320,"{""basis"": ""arxiv_id_month_inferred"", ""is_publication_date"": false, ""precision"": ""month"", ""source_ref"": ""metadata/papers.jsonl:4"", ""uncertainty"": ""由注册表arXiv编号推断提交年月；本次未逐篇核验编号与标题对应，不能代替正式发表时间。"", ""value"": ""2022-06""}",,legacy_unverified,,"[""topic:operator_learning""]"
arxiv:2211.02556,paper,Accurate medium-range global weather forecasting with 3D neural networks,2211.02556,10.1038/s41586-023-06185-3,"{""basis"": ""arxiv_id_month_inferred"", ""is_publication_date"": false, ""precision"": ""month"", ""source_ref"": ""metadata/papers.jsonl:5"", ""uncertainty"": ""由注册表arXiv编号推断提交年月；本次未逐篇核验编号与标题对应，不能代替正式发表时间。"", ""value"": ""2022-11""}",,legacy_unverified,,[]
arxiv:2211.08149,paper,RelaxNet: A structure-preserving neural network to approximate the Boltzmann collision operator,2211.08149,10.1016/j.jcp.2023.112317,"{""basis"": ""arxiv_id_month_inferred"", ""is_publication_date"": false, ""precision"": ""month"", ""source_ref"": ""metadata/papers.jsonl:6"", ""uncertainty"": ""由注册表arXiv编号推断提交年月；本次未逐篇核验编号与标题对应，不能代替正式发表时间。"", ""value"": ""2022-11""}",,legacy_unverified,,"[""topic:physics_constraints"", ""topic:theory""]"
arxiv:2301.10343,paper,ClimaX: A foundation model for weather and climate,2301.10343,,"{""basis"": ""arxiv_id_month_inferred"", ""is_publication_date"": false, ""precision"": ""month"", ""source_ref"": ""metadata/papers.jsonl:7"", ""uncertainty"": ""由注册表arXiv编号推断提交年月；本次未逐篇核验编号与标题对应，不能代替正式发表时间。"", ""value"": ""2023-01""}",,legacy_unverified,,"[""topic:multiphysics_pretraining"", ""topic:adaptation""]"
arxiv:2301.11509,paper,Out-of-distributional risk bounds for neural operators with applications to the Helmholtz equation,2301.11509,10.1016/j.jcp.2024.113168,"{""basis"": ""arxiv_id_month_inferred"", ""is_publication_date"": false, ""precision"": ""month"", ""source_ref"": ""metadata/papers.jsonl:8"", ""uncertainty"": ""由注册表arXiv编号推断提交年月；本次未逐篇核验编号与标题对应，不能代替正式发表时间。"", ""value"": ""2023-01""}",,legacy_unverified,,"[""topic:operator_learning"", ""topic:transformers""]"
arxiv:2301.12664,paper,Solving High-Dimensional PDEs with Latent Spectral Models,2301.12664,,"{""basis"": ""arxiv_id_month_inferred"", ""is_publication_date"": false, ""precision"": ""month"", ""source_ref"": ""metadata/papers.jsonl:9"", ""uncertainty"": ""由注册表arXiv编号推断提交年月；本次未逐篇核验编号与标题对应，不能代替正式发表时间。"", ""value"": ""2023-01""}",,legacy_unverified,,"[""topic:representation"", ""topic:multiscale""]"
arxiv:2302.08309,paper,The ADMM-PINNs Algorithmic Framework for Nonsmooth PDE-Constrained Optimization: A Deep Learning Approach,2302.08309,10.1137/23m1566935,"{""basis"": ""arxiv_id_month_inferred"", ""is_publication_date"": false, ""precision"": ""month"", ""source_ref"": ""metadata/papers.jsonl:10"", ""uncertainty"": ""由注册表arXiv编号推断提交年月；本次未逐篇核验编号与标题对应，不能代替正式发表时间。"", ""value"": ""2023-02""}",,legacy_unverified,,"[""topic:physics_constraints"", ""topic:optimization""]"
arxiv:2302.14231,paper,CHGNet as a pretrained universal neural network potential for charge-informed atomistic modelling,2302.14231,10.1038/s42256-023-00716-3,"{""basis"": ""arxiv_id_month_inferred"", ""is_publication_date"": false, ""precision"": ""month"", ""source_ref"": ""metadata/papers.jsonl:11"", ""uncertainty"": ""由注册表arXiv编号推断提交年月；本次未逐篇核验编号与标题对应，不能代替正式发表时间。"", ""value"": ""2023-02""}",,legacy_unverified,,[]
arxiv:2302.14376,paper,GNOT: A General Neural Operator Transformer for Operator Learning,2302.14376,,"{""basis"": ""arxiv_id_month_inferred"", ""is_publication_date"": false, ""precision"": ""month"", ""source_ref"": ""metadata/papers.jsonl:12"", ""uncertainty"": ""由注册表arXiv编号推断提交年月；本次未逐篇核验编号与标题对应，不能代替正式发表时间。"", ""value"": ""2023-02""}",,legacy_unverified,,"[""topic:operator_learning"", ""topic:geometry"", ""topic:multiscale"", ""topic:transformers""]"
arxiv:2303.10528,paper,Laplace neural operator for solving differential equations,2303.10528,10.1038/s42256-024-00844-4,"{""basis"": ""arxiv_id_month_inferred"", ""is_publication_date"": false, ""precision"": ""month"", ""source_ref"": ""metadata/papers.jsonl:13"", ""uncertainty"": ""由注册表arXiv编号推断提交年月；本次未逐篇核验编号与标题对应，不能代替正式发表时间。"", ""value"": ""2023-03""}",,legacy_unverified,,"[""topic:operator_learning""]"
arxiv:2304.14554,paper,AI-aided geometric design of anti-infection catheters,2304.14554,,"{""basis"": ""arxiv_id_month_inferred"", ""is_publication_date"": false, ""precision"": ""month"", ""source_ref"": ""metadata/papers.jsonl:14"", ""uncertainty"": ""由注册表arXiv编号推断提交年月；本次未逐篇核验编号与标题对应，不能代替正式发表时间。"", ""value"": ""2023-04""}",,legacy_unverified,,"[""topic:operator_learning"", ""topic:geometry"", ""topic:multiscale"", ""topic:efficiency""]"
arxiv:2305.20053,paper,Efficient PDE-Constrained Optimization Under High-Dimensional Uncertainty Using Derivative-Informed Neural Operators,2305.20053,10.1137/23m157956x,"{""basis"": ""arxiv_id_month_inferred"", ""is_publication_date"": false, ""precision"": ""month"", ""source_ref"": ""metadata/papers.jsonl:15"", ""uncertainty"": ""由注册表arXiv编号推断提交年月；本次未逐篇核验编号与标题对应，不能代替正式发表时间。"", ""value"": ""2023-05""}",,conflict_pending,,"[""topic:operator_learning"", ""topic:uncertainty"", ""topic:optimization"", ""topic:efficiency""]"
arxiv:2310.18888,paper,D2NO: Efficient handling of heterogeneous input function spaces with distributed deep neural operators,2310.18888,10.1016/j.cma.2024.117084,"{""basis"": ""arxiv_id_month_inferred"", ""is_publication_date"": false, ""precision"": ""month"", ""source_ref"": ""metadata/papers.jsonl:16"", ""uncertainty"": ""由注册表arXiv编号推断提交年月；本次未逐篇核验编号与标题对应，不能代替正式发表时间。"", ""value"": ""2023-10""}",,legacy_unverified,,"[""topic:operator_learning"", ""topic:efficiency""]"
arxiv:2310.19809,paper,MgNO: Efficient Parameterization of Linear Operators via Multigrid,2310.19809,,"{""basis"": ""arxiv_id_month_inferred"", ""is_publication_date"": false, ""precision"": ""month"", ""source_ref"": ""metadata/papers.jsonl:17"", ""uncertainty"": ""由注册表arXiv编号推断提交年月；本次未逐篇核验编号与标题对应，不能代替正式发表时间。"", ""value"": ""2023-10""}",,legacy_unverified,,"[""topic:operator_learning"", ""topic:hybrid_solvers"", ""topic:efficiency""]"
arxiv:2311.12915,paper,Neural-Integrated Meshfree (NIM) Method: A differentiable programming-based hybrid solver for computational mechanics,2311.12915,10.1016/j.cma.2024.117024,"{""basis"": ""arxiv_id_month_inferred"", ""is_publication_date"": false, ""precision"": ""month"", ""source_ref"": ""metadata/papers.jsonl:18"", ""uncertainty"": ""由注册表arXiv编号推断提交年月；本次未逐篇核验编号与标题对应，不能代替正式发表时间。"", ""value"": ""2023-11""}",,legacy_unverified,,"[""topic:representation"", ""topic:geometry"", ""topic:hybrid_solvers""]"
arxiv:2312.11842,paper,Neural operator-based super-fidelity: A warm-start approach for accelerating steady-state simulations,2312.11842,10.1016/j.jcp.2025.113871,"{""basis"": ""arxiv_id_month_inferred"", ""is_publication_date"": false, ""precision"": ""month"", ""source_ref"": ""metadata/papers.jsonl:19"", ""uncertainty"": ""由注册表arXiv编号推断提交年月；本次未逐篇核验编号与标题对应，不能代替正式发表时间。"", ""value"": ""2023-12""}",,legacy_unverified,,"[""topic:operator_learning"", ""topic:efficiency""]"
arxiv:2401.00096,paper,A foundation model for atomistic materials chemistry,2401.00096,,"{""basis"": ""arxiv_id_month_inferred"", ""is_publication_date"": false, ""precision"": ""month"", ""source_ref"": ""metadata/papers.jsonl:20"", ""uncertainty"": ""由注册表arXiv编号推断提交年月；本次未逐篇核验编号与标题对应，不能代替正式发表时间。"", ""value"": ""2024-01""}",,legacy_unverified,,"[""topic:multiphysics_pretraining""]"
arxiv:2401.09323,paper,BENO: Boundary-embedded Neural Operators for Elliptic PDEs,2401.09323,,"{""basis"": ""arxiv_id_month_inferred"", ""is_publication_date"": false, ""precision"": ""month"", ""source_ref"": ""metadata/papers.jsonl:21"", ""uncertainty"": ""由注册表arXiv编号推断提交年月；本次未逐篇核验编号与标题对应，不能代替正式发表时间。"", ""value"": ""2024-01""}",,legacy_unverified,,"[""topic:operator_learning"", ""topic:geometry""]"
arxiv:2402.02366,paper,Transolver: A Fast Transformer Solver for PDEs on General Geometries,2402.02366,,"{""basis"": ""arxiv_id_month_inferred"", ""is_publication_date"": false, ""precision"": ""month"", ""source_ref"": ""metadata/papers.jsonl:22"", ""uncertainty"": ""由注册表arXiv编号推断提交年月；本次未逐篇核验编号与标题对应，不能代替正式发表时间。"", ""value"": ""2024-02""}",,legacy_unverified,,"[""topic:representation"", ""topic:geometry"", ""topic:transformers""]"
arxiv:2402.12475,paper,Diffeomorphism neural operator for various domains and parameters of partial differential equations,2402.12475,10.1038/s42005-024-01911-3,"{""basis"": ""arxiv_id_month_inferred"", ""is_publication_date"": false, ""precision"": ""month"", ""source_ref"": ""metadata/papers.jsonl:23"", ""uncertainty"": ""由注册表arXiv编号推断提交年月；本次未逐篇核验编号与标题对应，不能代替正式发表时间。"", ""value"": ""2024-02""}",,conflict_pending,,"[""topic:operator_learning"", ""topic:geometry"", ""topic:adaptation""]"
arxiv:2402.15734,paper,Data-Efficient Operator Learning via Unsupervised Pretraining and In-Context Learning,2402.15734,10.52202/079017-0201,"{""basis"": ""arxiv_id_month_inferred"", ""is_publication_date"": false, ""precision"": ""month"", ""source_ref"": ""metadata/papers.jsonl:24"", ""uncertainty"": ""由注册表arXiv编号推断提交年月；本次未逐篇核验编号与标题对应，不能代替正式发表时间。"", ""value"": ""2024-02""}",,legacy_unverified,,"[""topic:operator_learning"", ""topic:in_context"", ""topic:adaptation"", ""topic:efficiency""]"
arxiv:2402.16014,paper,OmniArch: Building Foundation Model for Scientific Computing,2402.16014,,"{""basis"": ""arxiv_id_month_inferred"", ""is_publication_date"": false, ""precision"": ""month"", ""source_ref"": ""metadata/papers.jsonl:25"", ""uncertainty"": ""由注册表arXiv编号推断提交年月；本次未逐篇核验编号与标题对应，不能代替正式发表时间。"", ""value"": ""2024-02""}",,legacy_unverified,,"[""topic:representation"", ""topic:operator_learning"", ""topic:multiphysics_pretraining"", ""topic:in_context"", ""topic:physics_constraints"", ""topic:multiscale"", ""topic:data_evaluation"", ""topic:adaptation"", ""topic:transformers""]"
arxiv:2403.03542,paper,DPOT: Auto-Regressive Denoising Operator Transformer for Large-Scale PDE Pre-Training,2403.03542,,"{""basis"": ""arxiv_id_month_inferred"", ""is_publication_date"": false, ""precision"": ""month"", ""source_ref"": ""metadata/papers.jsonl:26"", ""uncertainty"": ""由注册表arXiv编号推断提交年月；本次未逐篇核验编号与标题对应，不能代替正式发表时间。"", ""value"": ""2024-03""}",,legacy_unverified,,"[""topic:operator_learning"", ""topic:multiphysics_pretraining"", ""topic:multiscale"", ""topic:long_time"", ""topic:generative"", ""topic:data_evaluation"", ""topic:transformers"", ""topic:efficiency""]"
arxiv:2403.12553,paper,Pretraining Codomain Attention Neural Operators for Solving Multiphysics PDEs,2403.12553,10.52202/079017-3306,"{""basis"": ""arxiv_id_month_inferred"", ""is_publication_date"": false, ""precision"": ""month"", ""source_ref"": ""metadata/papers.jsonl:27"", ""uncertainty"": ""由注册表arXiv编号推断提交年月；本次未逐篇核验编号与标题对应，不能代替正式发表时间。"", ""value"": ""2024-03""}",,conflict_pending,,"[""topic:representation"", ""topic:operator_learning"", ""topic:adaptation"", ""topic:transformers""]"
arxiv:2404.12355,paper,Towards a Foundation Model for Partial Differential Equations: Multi-Operator Learning and Extrapolation,2404.12355,,"{""basis"": ""arxiv_id_month_inferred"", ""is_publication_date"": false, ""precision"": ""month"", ""source_ref"": ""metadata/papers.jsonl:28"", ""uncertainty"": ""由注册表arXiv编号推断提交年月；本次未逐篇核验编号与标题对应，不能代替正式发表时间。"", ""value"": ""2024-04""}",,legacy_unverified,,"[""topic:representation"", ""topic:operator_learning"", ""topic:multiphysics_pretraining"", ""topic:symbolic_conditioning"", ""topic:adaptation"", ""topic:transformers""]"
arxiv:2405.01319,paper,Enforcing the principle of locality for physical simulations with neural operators,2405.01319,10.1016/j.jcp.2025.114131,"{""basis"": ""arxiv_id_month_inferred"", ""is_publication_date"": false, ""precision"": ""month"", ""source_ref"": ""metadata/papers.jsonl:29"", ""uncertainty"": ""由注册表arXiv编号推断提交年月；本次未逐篇核验编号与标题对应，不能代替正式发表时间。"", ""value"": ""2024-05""}",,legacy_unverified,,"[""topic:operator_learning""]"
arxiv:2405.14890,paper,SNF-ROM: Projection-based nonlinear reduced order modeling with smooth neural fields,2405.14890,10.1016/j.jcp.2025.113957,"{""basis"": ""arxiv_id_month_inferred"", ""is_publication_date"": false, ""precision"": ""month"", ""source_ref"": ""metadata/papers.jsonl:30"", ""uncertainty"": ""由注册表arXiv编号推断提交年月；本次未逐篇核验编号与标题对应，不能代替正式发表时间。"", ""value"": ""2024-05""}",,legacy_unverified,,[]
arxiv:2405.19101,paper,Poseidon: Efficient Foundation Models for PDEs,2405.19101,10.52202/079017-2311,"{""basis"": ""arxiv_id_month_inferred"", ""is_publication_date"": false, ""precision"": ""month"", ""source_ref"": ""metadata/papers.jsonl:31"", ""uncertainty"": ""由注册表arXiv编号推断提交年月；本次未逐篇核验编号与标题对应，不能代替正式发表时间。"", ""value"": ""2024-05""}",,conflict_pending,,"[""topic:multiphysics_pretraining"", ""topic:transformers"", ""topic:efficiency""]"
arxiv:2406.03923,paper,Latent Neural Operator for Solving Forward and Inverse PDE Problems,2406.03923,10.52202/079017-1042,"{""basis"": ""arxiv_id_month_inferred"", ""is_publication_date"": false, ""precision"": ""month"", ""source_ref"": ""metadata/papers.jsonl:32"", ""uncertainty"": ""由注册表arXiv编号推断提交年月；本次未逐篇核验编号与标题对应，不能代替正式发表时间。"", ""value"": ""2024-06""}",,legacy_unverified,,"[""topic:representation"", ""topic:operator_learning"", ""topic:transformers"", ""topic:inverse_control""]"
arxiv:2407.13010,paper,A resolution independent neural operator,2407.13010,10.1016/j.cma.2025.118113,"{""basis"": ""arxiv_id_month_inferred"", ""is_publication_date"": false, ""precision"": ""month"", ""source_ref"": ""metadata/papers.jsonl:33"", ""uncertainty"": ""由注册表arXiv编号推断提交年月；本次未逐篇核验编号与标题对应，不能代替正式发表时间。"", ""value"": ""2024-07""}",,legacy_unverified,,"[""topic:representation"", ""topic:operator_learning""]"
arxiv:2408.16168,paper,Towards a foundation model for partial differential equations: Multioperator learning and extrapolation,2408.16168,10.1103/physreve.111.035304,"{""basis"": ""arxiv_id_month_inferred"", ""is_publication_date"": false, ""precision"": ""month"", ""source_ref"": ""metadata/papers.jsonl:34"", ""uncertainty"": ""由注册表arXiv编号推断提交年月；本次未逐篇核验编号与标题对应，不能代替正式发表时间。"", ""value"": ""2024-08""}",,legacy_unverified,,"[""topic:operator_learning"", ""topic:multiphysics_pretraining"", ""topic:symbolic_conditioning"", ""topic:adaptation""]"
arxiv:2410.19843,paper,Artificial intelligence for partial differential equations in computational mechanics: A review,2410.19843,,"{""basis"": ""arxiv_id_month_inferred"", ""is_publication_date"": false, ""precision"": ""month"", ""source_ref"": ""metadata/papers.jsonl:35"", ""uncertainty"": ""由注册表arXiv编号推断提交年月；本次未逐篇核验编号与标题对应，不能代替正式发表时间。"", ""value"": ""2024-10""}",,legacy_unverified,,"[""topic:operator_learning"", ""topic:physics_constraints""]"
arxiv:2411.06587,paper,Variational Physics-informed Neural Operator (VINO) for solving partial differential equations,2411.06587,10.1016/j.cma.2025.117785,"{""basis"": ""arxiv_id_month_inferred"", ""is_publication_date"": false, ""precision"": ""month"", ""source_ref"": ""metadata/papers.jsonl:36"", ""uncertainty"": ""由注册表arXiv编号推断提交年月；本次未逐篇核验编号与标题对应，不能代替正式发表时间。"", ""value"": ""2024-11""}",,legacy_unverified,,"[""topic:operator_learning"", ""topic:physics_constraints"", ""topic:geometry""]"
arxiv:2411.08789,paper,Physics-Informed Transformation Toward Improving the Machine-Learned NLTE Models of ICF Simulations,2411.08789,,"{""basis"": ""arxiv_id_month_inferred"", ""is_publication_date"": false, ""precision"": ""month"", ""source_ref"": ""metadata/papers.jsonl:37"", ""uncertainty"": ""由注册表arXiv编号推断提交年月；本次未逐篇核验编号与标题对应，不能代替正式发表时间。"", ""value"": ""2024-11""}",,legacy_unverified,,"[""topic:representation"", ""topic:physics_constraints"", ""topic:plasma"", ""topic:radiation_euv""]"
arxiv:2411.16063,paper,VICON: Vision In-Context Operator Networks for Multi-Physics Fluid Dynamics Prediction,2411.16063,,"{""basis"": ""arxiv_id_month_inferred"", ""is_publication_date"": false, ""precision"": ""month"", ""source_ref"": ""metadata/papers.jsonl:38"", ""uncertainty"": ""由注册表arXiv编号推断提交年月；本次未逐篇核验编号与标题对应，不能代替正式发表时间。"", ""value"": ""2024-11""}",,legacy_unverified,,"[""topic:representation"", ""topic:operator_learning"", ""topic:multiphysics_pretraining"", ""topic:in_context"", ""topic:long_time"", ""topic:data_evaluation"", ""topic:transformers"", ""topic:efficiency""]"
arxiv:2411.18358,paper,Data-driven discovery of a heat flux closure for electrostatic plasma phenomena,2411.18358,,"{""basis"": ""arxiv_id_month_inferred"", ""is_publication_date"": false, ""precision"": ""month"", ""source_ref"": ""metadata/papers.jsonl:39"", ""uncertainty"": ""由注册表arXiv编号推断提交年月；本次未逐篇核验编号与标题对应，不能代替正式发表时间。"", ""value"": ""2024-11""}",,legacy_unverified,,"[""topic:hybrid_solvers"", ""topic:plasma"", ""topic:efficiency""]"
arxiv:2412.01932,paper,Machine learning-based moment closure model for the linear Boltzmann equation with uncertainties,2412.01932,,"{""basis"": ""arxiv_id_month_inferred"", ""is_publication_date"": false, ""precision"": ""month"", ""source_ref"": ""metadata/papers.jsonl:40"", ""uncertainty"": ""由注册表arXiv编号推断提交年月；本次未逐篇核验编号与标题对应，不能代替正式发表时间。"", ""value"": ""2024-12""}",,legacy_unverified,,"[""topic:long_time"", ""topic:uncertainty"", ""topic:hybrid_solvers""]"
arxiv:2412.12980,paper,A physics-constrained deep learning treatment of runaway electron dynamics,2412.12980,10.1063/5.0253370,"{""basis"": ""arxiv_id_month_inferred"", ""is_publication_date"": false, ""precision"": ""month"", ""source_ref"": ""metadata/papers.jsonl:41"", ""uncertainty"": ""由注册表arXiv编号推断提交年月；本次未逐篇核验编号与标题对应，不能代替正式发表时间。"", ""value"": ""2024-12""}",,legacy_unverified,,"[""topic:physics_constraints""]"
arxiv:2412.20192,paper,Physics Consistent Machine Learning Framework for Inverse Modeling with Applications to ICF Capsule Implosions,2412.20192,,"{""basis"": ""arxiv_id_month_inferred"", ""is_publication_date"": false, ""precision"": ""month"", ""source_ref"": ""metadata/papers.jsonl:42"", ""uncertainty"": ""由注册表arXiv编号推断提交年月；本次未逐篇核验编号与标题对应，不能代替正式发表时间。"", ""value"": ""2024-12""}",,legacy_unverified,,"[""topic:radiation_euv"", ""topic:inverse_control"", ""topic:efficiency""]"
arxiv:2501.04024,paper,Evaluation of data driven low-rank matrix factorization for accelerated solutions of the Vlasov equation,2501.04024,,"{""basis"": ""arxiv_id_month_inferred"", ""is_publication_date"": false, ""precision"": ""month"", ""source_ref"": ""metadata/papers.jsonl:43"", ""uncertainty"": ""由注册表arXiv编号推断提交年月；本次未逐篇核验编号与标题对应，不能代替正式发表时间。"", ""value"": ""2025-01""}",,legacy_unverified,,"[""topic:representation"", ""topic:adaptation"", ""topic:plasma"", ""topic:efficiency""]"
arxiv:2501.08166,paper,Asymptotic-Preserving Neural Networks based on Even-odd Decomposition for Multiscale Gray Radiative Transfer Equations,2501.08166,,"{""basis"": ""arxiv_id_month_inferred"", ""is_publication_date"": false, ""precision"": ""month"", ""source_ref"": ""metadata/papers.jsonl:44"", ""uncertainty"": ""由注册表arXiv编号推断提交年月；本次未逐篇核验编号与标题对应，不能代替正式发表时间。"", ""value"": ""2025-01""}",,legacy_unverified,,"[""topic:physics_constraints"", ""topic:multiscale"", ""topic:long_time"", ""topic:data_evaluation"", ""topic:adaptation"", ""topic:radiation_euv"", ""topic:theory""]"
arxiv:2501.10684,paper,Deep operator networks for Bayesian parameter estimation in PDEs,2501.10684,10.1016/j.cpc.2025.109853,"{""basis"": ""arxiv_id_month_inferred"", ""is_publication_date"": false, ""precision"": ""month"", ""source_ref"": ""metadata/papers.jsonl:45"", ""uncertainty"": ""由注册表arXiv编号推断提交年月；本次未逐篇核验编号与标题对应，不能代替正式发表时间。"", ""value"": ""2025-01""}",,legacy_unverified,,"[""topic:operator_learning"", ""topic:physics_constraints"", ""topic:uncertainty""]"
arxiv:2501.14475,paper,Point cloud neural operator for parametric PDEs on complex and variable geometries,2501.14475,10.1016/j.cma.2025.118022,"{""basis"": ""arxiv_id_month_inferred"", ""is_publication_date"": false, ""precision"": ""month"", ""source_ref"": ""metadata/papers.jsonl:46"", ""uncertainty"": ""由注册表arXiv编号推断提交年月；本次未逐篇核验编号与标题对应，不能代替正式发表时间。"", ""value"": ""2025-01""}",,legacy_unverified,,"[""topic:operator_learning"", ""topic:geometry"", ""topic:adaptation""]"
arxiv:2501.17296,paper,COMPOL: A Unified Neural Operator Framework for Scalable Multi-Physics Simulations,2501.17296,,"{""basis"": ""arxiv_id_month_inferred"", ""is_publication_date"": false, ""precision"": ""month"", ""source_ref"": ""metadata/papers.jsonl:47"", ""uncertainty"": ""由注册表arXiv编号推断提交年月；本次未逐篇核验编号与标题对应，不能代替正式发表时间。"", ""value"": ""2025-01""}",,legacy_unverified,,"[""topic:operator_learning"", ""topic:multiphysics_pretraining"", ""topic:data_evaluation"", ""topic:adaptation"", ""topic:transformers"", ""topic:efficiency""]"
arxiv:2501.18972,paper,BCAT: A Block Causal Transformer for PDE Foundation Models for Fluid Dynamics,2501.18972,,"{""basis"": ""arxiv_id_month_inferred"", ""is_publication_date"": false, ""precision"": ""month"", ""source_ref"": ""metadata/papers.jsonl:48"", ""uncertainty"": ""由注册表arXiv编号推断提交年月；本次未逐篇核验编号与标题对应，不能代替正式发表时间。"", ""value"": ""2025-01""}",,legacy_unverified,,"[""topic:representation"", ""topic:multiphysics_pretraining"", ""topic:in_context"", ""topic:geometry"", ""topic:long_time"", ""topic:data_evaluation"", ""topic:adaptation"", ""topic:transformers""]"
arxiv:2502.01337,paper,Neural Preconditioning Operator for Efficient PDE Solves,2502.01337,,"{""basis"": ""arxiv_id_month_inferred"", ""is_publication_date"": false, ""precision"": ""month"", ""source_ref"": ""metadata/papers.jsonl:49"", ""uncertainty"": ""由注册表arXiv编号推断提交年月；本次未逐篇核验编号与标题对应，不能代替正式发表时间。"", ""value"": ""2025-02""}",,legacy_unverified,,"[""topic:operator_learning"", ""topic:efficiency""]"
arxiv:2502.06026,paper,A Multimodal PDE Foundation Model for Prediction and Scientific Text Descriptions,2502.06026,,"{""basis"": ""arxiv_id_month_inferred"", ""is_publication_date"": false, ""precision"": ""month"", ""source_ref"": ""metadata/papers.jsonl:50"", ""uncertainty"": ""由注册表arXiv编号推断提交年月；本次未逐篇核验编号与标题对应，不能代替正式发表时间。"", ""value"": ""2025-02""}",,legacy_unverified,,"[""topic:representation"", ""topic:multiphysics_pretraining"", ""topic:symbolic_conditioning"", ""topic:transformers""]"
arxiv:2502.07469,paper,5D Neural Surrogates for Nonlinear Gyrokinetic Simulations of Plasma Turbulence,2502.07469,,"{""basis"": ""arxiv_id_month_inferred"", ""is_publication_date"": false, ""precision"": ""month"", ""source_ref"": ""metadata/papers.jsonl:51"", ""uncertainty"": ""由注册表arXiv编号推断提交年月；本次未逐篇核验编号与标题对应，不能代替正式发表时间。"", ""value"": ""2025-02""}",,legacy_unverified,,"[""topic:plasma"", ""topic:transformers"", ""topic:efficiency""]"
arxiv:2502.17386,paper,Neural Operator Surrogate Models of Plasma Edge Simulations: Feasibility and Data Efficiency,2502.17386,,"{""basis"": ""arxiv_id_month_inferred"", ""is_publication_date"": false, ""precision"": ""month"", ""source_ref"": ""metadata/papers.jsonl:52"", ""uncertainty"": ""由注册表arXiv编号推断提交年月；本次未逐篇核验编号与标题对应，不能代替正式发表时间。"", ""value"": ""2025-02""}",,legacy_unverified,,"[""topic:operator_learning"", ""topic:long_time"", ""topic:adaptation"", ""topic:plasma"", ""topic:efficiency"", ""topic:scaling""]"
arxiv:2503.00274,paper,Particle-Based Plasma Simulation Using a Graph Neural Network,2503.00274,,"{""basis"": ""arxiv_id_month_inferred"", ""is_publication_date"": false, ""precision"": ""month"", ""source_ref"": ""metadata/papers.jsonl:53"", ""uncertainty"": ""由注册表arXiv编号推断提交年月；本次未逐篇核验编号与标题对应，不能代替正式发表时间。"", ""value"": ""2025-03""}",,legacy_unverified,,"[""topic:representation"", ""topic:geometry"", ""topic:long_time"", ""topic:plasma""]"
arxiv:2503.03178,paper,Active operator learning with predictive uncertainty quantification for partial differential equations,2503.03178,10.1016/j.jcp.2026.114791,"{""basis"": ""arxiv_id_month_inferred"", ""is_publication_date"": false, ""precision"": ""month"", ""source_ref"": ""metadata/papers.jsonl:54"", ""uncertainty"": ""由注册表arXiv编号推断提交年月；本次未逐篇核验编号与标题对应，不能代替正式发表时间。"", ""value"": ""2025-03""}",,legacy_unverified,,"[""topic:operator_learning"", ""topic:uncertainty"", ""topic:optimization""]"
arxiv:2503.11090,paper,Machine-Learning Heat Flux Closure for Multi-Moment Fluid Modeling of Nonlinear Landau Damping,2503.11090,,"{""basis"": ""arxiv_id_month_inferred"", ""is_publication_date"": false, ""precision"": ""month"", ""source_ref"": ""metadata/papers.jsonl:55"", ""uncertainty"": ""由注册表arXiv编号推断提交年月；本次未逐篇核验编号与标题对应，不能代替正式发表时间。"", ""value"": ""2025-03""}",,legacy_unverified,,"[""topic:operator_learning"", ""topic:multiscale"", ""topic:hybrid_solvers"", ""topic:plasma""]"
arxiv:2503.12154,paper,Integration of Machine Learning-Based Plasma Acceleration Simulations into Geant4: A Case Study with the PALLAS Experiment,2503.12154,,"{""basis"": ""arxiv_id_month_inferred"", ""is_publication_date"": false, ""precision"": ""month"", ""source_ref"": ""metadata/papers.jsonl:56"", ""uncertainty"": ""由注册表arXiv编号推断提交年月；本次未逐篇核验编号与标题对应，不能代替正式发表时间。"", ""value"": ""2025-03""}",,legacy_unverified,,"[""topic:plasma"", ""topic:radiation_euv"", ""topic:efficiency""]"
arxiv:2503.19081,paper,Paving the Way for Scientific Foundation Models: Enhancing Generalization and Robustness in PDEs with Constraint-Aware Pre-Training,2503.19081,,"{""basis"": ""arxiv_id_month_inferred"", ""is_publication_date"": false, ""precision"": ""month"", ""source_ref"": ""metadata/papers.jsonl:57"", ""uncertainty"": ""由注册表arXiv编号推断提交年月；本次未逐篇核验编号与标题对应，不能代替正式发表时间。"", ""value"": ""2025-03""}",,legacy_unverified,,"[""topic:multiphysics_pretraining"", ""topic:physics_constraints"", ""topic:data_evaluation"", ""topic:adaptation"", ""topic:efficiency""]"
arxiv:2503.22600,paper,Generative Latent Neural PDE Solver using Flow Matching,2503.22600,,"{""basis"": ""arxiv_id_month_inferred"", ""is_publication_date"": false, ""precision"": ""month"", ""source_ref"": ""metadata/papers.jsonl:58"", ""uncertainty"": ""由注册表arXiv编号推断提交年月；本次未逐篇核验编号与标题对应，不能代替正式发表时间。"", ""value"": ""2025-03""}",,legacy_unverified,,"[""topic:representation"", ""topic:geometry"", ""topic:long_time"", ""topic:generative"", ""topic:efficiency""]"
arxiv:2503.23676,paper,A high-fidelity surrogate model for the ion temperature gradient (ITG) instability using a small expensive simulation dataset,2503.23676,,"{""basis"": ""arxiv_id_month_inferred"", ""is_publication_date"": false, ""precision"": ""month"", ""source_ref"": ""metadata/papers.jsonl:59"", ""uncertainty"": ""由注册表arXiv编号推断提交年月；本次未逐篇核验编号与标题对应，不能代替正式发表时间。"", ""value"": ""2025-03""}",,legacy_unverified,,"[""topic:multiphysics_pretraining"", ""topic:long_time"", ""topic:data_evaluation"", ""topic:adaptation"", ""topic:plasma"", ""topic:radiation_euv""]"
arxiv:2503.24208,paper,Data-driven construction of a generalized kinetic collision operator from molecular dynamics,2503.24208,,"{""basis"": ""arxiv_id_month_inferred"", ""is_publication_date"": false, ""precision"": ""month"", ""source_ref"": ""metadata/papers.jsonl:60"", ""uncertainty"": ""由注册表arXiv编号推断提交年月；本次未逐篇核验编号与标题对应，不能代替正式发表时间。"", ""value"": ""2025-03""}",,legacy_unverified,,"[""topic:adaptation"", ""topic:plasma""]"
arxiv:2504.00195,paper,Applying Machine Learning Methods to Laser Acceleration of Protons: Synthetic Data for Exploring the High Repetition Rate Regime,2504.00195,,"{""basis"": ""arxiv_id_month_inferred"", ""is_publication_date"": false, ""precision"": ""month"", ""source_ref"": ""metadata/papers.jsonl:61"", ""uncertainty"": ""由注册表arXiv编号推断提交年月；本次未逐篇核验编号与标题对应，不能代替正式发表时间。"", ""value"": ""2025-04""}",,legacy_unverified,,"[""topic:plasma"", ""topic:radiation_euv"", ""topic:efficiency""]"
arxiv:2504.03201,paper,A Runaway Electron Avalanche Surrogate for Partially Ionized Plasmas,2504.03201,,"{""basis"": ""arxiv_id_month_inferred"", ""is_publication_date"": false, ""precision"": ""month"", ""source_ref"": ""metadata/papers.jsonl:62"", ""uncertainty"": ""由注册表arXiv编号推断提交年月；本次未逐篇核验编号与标题对应，不能代替正式发表时间。"", ""value"": ""2025-04""}",,legacy_unverified,,"[""topic:representation"", ""topic:physics_constraints"", ""topic:plasma"", ""topic:radiation_euv"", ""topic:efficiency""]"
arxiv:2504.13313,paper,Machine-learning Closure for Vlasov-Poisson Dynamics in Fourier-Hermite Space,2504.13313,,"{""basis"": ""arxiv_id_month_inferred"", ""is_publication_date"": false, ""precision"": ""month"", ""source_ref"": ""metadata/papers.jsonl:63"", ""uncertainty"": ""由注册表arXiv编号推断提交年月；本次未逐篇核验编号与标题对应，不能代替正式发表时间。"", ""value"": ""2025-04""}",,legacy_unverified,,"[""topic:representation"", ""topic:operator_learning"", ""topic:multiscale"", ""topic:hybrid_solvers"", ""topic:plasma""]"
arxiv:2504.18513,paper,PODNO: Proper Orthogonal Decomposition Neural Operators,2504.18513,10.1137/25m1751372,"{""basis"": ""arxiv_id_month_inferred"", ""is_publication_date"": false, ""precision"": ""month"", ""source_ref"": ""metadata/papers.jsonl:64"", ""uncertainty"": ""由注册表arXiv编号推断提交年月；本次未逐篇核验编号与标题对应，不能代替正式发表时间。"", ""value"": ""2025-04""}",,legacy_unverified,,"[""topic:operator_learning"", ""topic:multiscale""]"
arxiv:2504.19065,paper,PaRO-DeepONet: a particle-informed reduced-order deep operator network for Poisson solver in PIC simulations,2504.19065,,"{""basis"": ""arxiv_id_month_inferred"", ""is_publication_date"": false, ""precision"": ""month"", ""source_ref"": ""metadata/papers.jsonl:65"", ""uncertainty"": ""由注册表arXiv编号推断提交年月；本次未逐篇核验编号与标题对应，不能代替正式发表时间。"", ""value"": ""2025-04""}",,legacy_unverified,,"[""topic:operator_learning"", ""topic:adaptation"", ""topic:plasma"", ""topic:efficiency""]"
arxiv:2504.19496,paper,DISCO: learning to DISCover an evolution Operator for multi-physics-agnostic prediction,2504.19496,,"{""basis"": ""arxiv_id_month_inferred"", ""is_publication_date"": false, ""precision"": ""month"", ""source_ref"": ""metadata/papers.jsonl:66"", ""uncertainty"": ""由注册表arXiv编号推断提交年月；本次未逐篇核验编号与标题对应，不能代替正式发表时间。"", ""value"": ""2025-04""}",,legacy_unverified,,"[""topic:multiphysics_pretraining"", ""topic:data_evaluation"", ""topic:adaptation"", ""topic:transformers""]"
arxiv:2504.20408,paper,FourierSpecNet: Neural Collision Operator Approximation Inspired by the Fourier Spectral Method for Solving the Boltzmann Equation,2504.20408,,"{""basis"": ""arxiv_id_month_inferred"", ""is_publication_date"": false, ""precision"": ""month"", ""source_ref"": ""metadata/papers.jsonl:67"", ""uncertainty"": ""由注册表arXiv编号推断提交年月；本次未逐篇核验编号与标题对应，不能代替正式发表时间。"", ""value"": ""2025-04""}",,legacy_unverified,,"[""topic:representation"", ""topic:operator_learning"", ""topic:multiscale"", ""topic:data_evaluation"", ""topic:adaptation"", ""topic:theory""]"
arxiv:2505.04738,paper,SetONet: A Set-Based Operator Network for Solving PDEs with Variable-Input Sampling,2505.04738,,"{""basis"": ""arxiv_id_month_inferred"", ""is_publication_date"": false, ""precision"": ""month"", ""source_ref"": ""metadata/papers.jsonl:68"", ""uncertainty"": ""由注册表arXiv编号推断提交年月；本次未逐篇核验编号与标题对应，不能代替正式发表时间。"", ""value"": ""2025-05""}",,legacy_unverified,,"[""topic:representation"", ""topic:operator_learning"", ""topic:geometry"", ""topic:data_evaluation"", ""topic:adaptation"", ""topic:optimization""]"
arxiv:2505.10930,paper,Physics-informed Temporal Alignment for Auto-regressive PDE Foundation Models,2505.10930,,"{""basis"": ""arxiv_id_month_inferred"", ""is_publication_date"": false, ""precision"": ""month"", ""source_ref"": ""metadata/papers.jsonl:69"", ""uncertainty"": ""由注册表arXiv编号推断提交年月；本次未逐篇核验编号与标题对应，不能代替正式发表时间。"", ""value"": ""2025-05""}",,legacy_unverified,,"[""topic:multiphysics_pretraining"", ""topic:physics_constraints"", ""topic:long_time"", ""topic:adaptation""]"
arxiv:2505.14144,paper,RT-APNN for Solving Gray Radiative Transfer Equations,2505.14144,,"{""basis"": ""arxiv_id_month_inferred"", ""is_publication_date"": false, ""precision"": ""month"", ""source_ref"": ""metadata/papers.jsonl:70"", ""uncertainty"": ""由注册表arXiv编号推断提交年月；本次未逐篇核验编号与标题对应，不能代替正式发表时间。"", ""value"": ""2025-05""}",,legacy_unverified,,"[""topic:multiphysics_pretraining"", ""topic:physics_constraints"", ""topic:long_time"", ""topic:data_evaluation"", ""topic:adaptation"", ""topic:radiation_euv"", ""topic:theory"", ""topic:optimization"", ""topic:efficiency""]"
arxiv:2505.18511,paper,SPDEBench: An Extensive Benchmark for Learning Regular and Singular Stochastic PDEs,2505.18511,,"{""basis"": ""arxiv_id_month_inferred"", ""is_publication_date"": false, ""precision"": ""month"", ""source_ref"": ""metadata/papers.jsonl:71"", ""uncertainty"": ""由注册表arXiv编号推断提交年月；本次未逐篇核验编号与标题对应，不能代替正式发表时间。"", ""value"": ""2025-05""}",,legacy_unverified,,"[""topic:multiphysics_pretraining"", ""topic:uncertainty"", ""topic:data_evaluation""]"
arxiv:2505.18781,paper,Geometry Aware Operator Transformer as an efficient and accurate neural surrogate for PDEs on arbitrary domains,2505.18781,,"{""basis"": ""arxiv_id_month_inferred"", ""is_publication_date"": false, ""precision"": ""month"", ""source_ref"": ""metadata/papers.jsonl:72"", ""uncertainty"": ""由注册表arXiv编号推断提交年月；本次未逐篇核验编号与标题对应，不能代替正式发表时间。"", ""value"": ""2025-05""}",,legacy_unverified,,"[""topic:operator_learning"", ""topic:geometry"", ""topic:data_evaluation"", ""topic:transformers"", ""topic:efficiency""]"
arxiv:2505.18857,paper,Hierarchical-Embedding Autoencoder with a Predictor (HEAP) as Efficient Architecture for Learning Long-Term Evolution of Complex Multi-Scale Physical Systems,2505.18857,,"{""basis"": ""arxiv_id_month_inferred"", ""is_publication_date"": false, ""precision"": ""month"", ""source_ref"": ""metadata/papers.jsonl:73"", ""uncertainty"": ""由注册表arXiv编号推断提交年月；本次未逐篇核验编号与标题对应，不能代替正式发表时间。"", ""value"": ""2025-05""}",,legacy_unverified,,"[""topic:representation"", ""topic:multiscale"", ""topic:long_time"", ""topic:data_evaluation"", ""topic:plasma"", ""topic:efficiency""]"
arxiv:2505.20721,paper,Recurrent Neural Operators: Stable Long-Term PDE Prediction,2505.20721,,"{""basis"": ""arxiv_id_month_inferred"", ""is_publication_date"": false, ""precision"": ""month"", ""source_ref"": ""metadata/papers.jsonl:74"", ""uncertainty"": ""由注册表arXiv编号推断提交年月；本次未逐篇核验编号与标题对应，不能代替正式发表时间。"", ""value"": ""2025-05""}",,legacy_unverified,,"[""topic:representation"", ""topic:operator_learning"", ""topic:geometry"", ""topic:long_time"", ""topic:data_evaluation"", ""topic:theory""]"
arxiv:2505.21573,paper,Spectral-inspired Operator Learning with Limited Data and Unknown Physics,2505.21573,,"{""basis"": ""arxiv_id_month_inferred"", ""is_publication_date"": false, ""precision"": ""month"", ""source_ref"": ""metadata/papers.jsonl:75"", ""uncertainty"": ""由注册表arXiv编号推断提交年月；本次未逐篇核验编号与标题对应，不能代替正式发表时间。"", ""value"": ""2025-05""}",,legacy_unverified,,"[""topic:representation"", ""topic:operator_learning"", ""topic:multiscale""]"
arxiv:2505.24717,paper,PDE-Transformer: Efficient and Versatile Transformers for Physics Simulations,2505.24717,,"{""basis"": ""arxiv_id_month_inferred"", ""is_publication_date"": false, ""precision"": ""month"", ""source_ref"": ""metadata/papers.jsonl:76"", ""uncertainty"": ""由注册表arXiv编号推断提交年月；本次未逐篇核验编号与标题对应，不能代替正式发表时间。"", ""value"": ""2025-05""}",,legacy_unverified,,"[""topic:representation"", ""topic:multiphysics_pretraining"", ""topic:data_evaluation"", ""topic:adaptation"", ""topic:transformers"", ""topic:efficiency""]"
arxiv:2506.03016,paper,Hybrid deep learning and iterative methods for accelerated solutions of viscous incompressible flow,2506.03016,10.1016/j.jcp.2026.114747,"{""basis"": ""arxiv_id_month_inferred"", ""is_publication_date"": false, ""precision"": ""month"", ""source_ref"": ""metadata/papers.jsonl:77"", ""uncertainty"": ""由注册表arXiv编号推断提交年月；本次未逐篇核验编号与标题对应，不能代替正式发表时间。"", ""value"": ""2025-06""}",,legacy_unverified,,"[""topic:operator_learning"", ""topic:geometry"", ""topic:hybrid_solvers"", ""topic:efficiency""]"
arxiv:2506.04354,paper,"BridgeNet: A Hybrid, Physics-Informed Machine Learning Framework for Solving High-Dimensional Fokker-Planck Equations",2506.04354,,"{""basis"": ""arxiv_id_month_inferred"", ""is_publication_date"": false, ""precision"": ""month"", ""source_ref"": ""metadata/papers.jsonl:78"", ""uncertainty"": ""由注册表arXiv编号推断提交年月；本次未逐篇核验编号与标题对应，不能代替正式发表时间。"", ""value"": ""2025-06""}",,legacy_unverified,,"[""topic:representation"", ""topic:physics_constraints"", ""topic:multiscale"", ""topic:hybrid_solvers""]"
arxiv:2506.04742,paper,Employing Deep Neural Operators for PDE control by decoupling training and optimization,2506.04742,,"{""basis"": ""arxiv_id_month_inferred"", ""is_publication_date"": false, ""precision"": ""month"", ""source_ref"": ""metadata/papers.jsonl:79"", ""uncertainty"": ""由注册表arXiv编号推断提交年月；本次未逐篇核验编号与标题对应，不能代替正式发表时间。"", ""value"": ""2025-06""}",,legacy_unverified,,"[""topic:operator_learning"", ""topic:physics_constraints"", ""topic:optimization""]"
arxiv:2506.04898,paper,Uncertainty Quantification and Stability of Neural Operators for Prediction of Three-Dimensional Turbulence,2506.04898,,"{""basis"": ""arxiv_id_month_inferred"", ""is_publication_date"": false, ""precision"": ""month"", ""source_ref"": ""metadata/papers.jsonl:80"", ""uncertainty"": ""由注册表arXiv编号推断提交年月；本次未逐篇核验编号与标题对应，不能代替正式发表时间。"", ""value"": ""2025-06""}",,legacy_unverified,,"[""topic:operator_learning"", ""topic:long_time"", ""topic:uncertainty"", ""topic:efficiency""]"
arxiv:2506.05513,paper,Geometric and Physical Constraints Synergistically Enhance Neural PDE Surrogates,2506.05513,,"{""basis"": ""arxiv_id_month_inferred"", ""is_publication_date"": false, ""precision"": ""month"", ""source_ref"": ""metadata/papers.jsonl:81"", ""uncertainty"": ""由注册表arXiv编号推断提交年月；本次未逐篇核验编号与标题对应，不能代替正式发表时间。"", ""value"": ""2025-06""}",,legacy_unverified,,"[""topic:representation"", ""topic:physics_constraints"", ""topic:geometry"", ""topic:data_evaluation"", ""topic:adaptation""]"
arxiv:2506.06158,paper,ENMA: Tokenwise Autoregression for Continuous Neural PDE Operators,2506.06158,,"{""basis"": ""arxiv_id_month_inferred"", ""is_publication_date"": false, ""precision"": ""month"", ""source_ref"": ""metadata/papers.jsonl:82"", ""uncertainty"": ""由注册表arXiv编号推断提交年月；本次未逐篇核验编号与标题对应，不能代替正式发表时间。"", ""value"": ""2025-06""}",,legacy_unverified,,"[""topic:representation"", ""topic:operator_learning"", ""topic:in_context"", ""topic:geometry"", ""topic:long_time"", ""topic:generative"", ""topic:data_evaluation"", ""topic:adaptation"", ""topic:transformers""]"
arxiv:2506.08604,paper,Physics-Based Flow Matching (PBFM): Flow Matching Meets PDEs — A Unified Framework for Physics-Constrained Generation,2506.08604,,"{""basis"": ""arxiv_id_month_inferred"", ""is_publication_date"": false, ""precision"": ""month"", ""source_ref"": ""metadata/papers.jsonl:83"", ""uncertainty"": ""由注册表arXiv编号推断提交年月；本次未逐篇核验编号与标题对应，不能代替正式发表时间。"", ""value"": ""2025-06""}",,legacy_unverified,,"[""topic:physics_constraints"", ""topic:generative""]"
arxiv:2506.10636,paper,Structure and asymptotic preserving deep neural surrogates for uncertainty quantification in multiscale kinetic equations,2506.10636,,"{""basis"": ""arxiv_id_month_inferred"", ""is_publication_date"": false, ""precision"": ""month"", ""source_ref"": ""metadata/papers.jsonl:84"", ""uncertainty"": ""由注册表arXiv编号推断提交年月；本次未逐篇核验编号与标题对应，不能代替正式发表时间。"", ""value"": ""2025-06""}",,legacy_unverified,,"[""topic:physics_constraints"", ""topic:multiscale"", ""topic:uncertainty"", ""topic:adaptation"", ""topic:plasma"", ""topic:radiation_euv"", ""topic:efficiency""]"
arxiv:2506.13267,paper,Reconstruction-free magnetic control of DIII-D plasma with deep reinforcement learning,2506.13267,,"{""basis"": ""arxiv_id_month_inferred"", ""is_publication_date"": false, ""precision"": ""month"", ""source_ref"": ""metadata/papers.jsonl:85"", ""uncertainty"": ""由注册表arXiv编号推断提交年月；本次未逐篇核验编号与标题对应，不能代替正式发表时间。"", ""value"": ""2025-06""}",,legacy_unverified,,"[""topic:plasma""]"
arxiv:2506.14048,paper,Embedding Physical Symmetries into Machine-Learned Reduced Plasma Physics Models via Data Augmentation,2506.14048,,"{""basis"": ""arxiv_id_month_inferred"", ""is_publication_date"": false, ""precision"": ""month"", ""source_ref"": ""metadata/papers.jsonl:86"", ""uncertainty"": ""由注册表arXiv编号推断提交年月；本次未逐篇核验编号与标题对应，不能代替正式发表时间。"", ""value"": ""2025-06""}",,legacy_unverified,,"[""topic:hybrid_solvers"", ""topic:plasma"", ""topic:theory"", ""topic:efficiency""]"
arxiv:2506.15203,paper,Reduced Particle in Cell Method for the Vlasov-Poisson System Using Auto-Encoder and Hamiltonian Neural Networks,2506.15203,,"{""basis"": ""arxiv_id_month_inferred"", ""is_publication_date"": false, ""precision"": ""month"", ""source_ref"": ""metadata/papers.jsonl:87"", ""uncertainty"": ""由注册表arXiv编号推断提交年月；本次未逐篇核验编号与标题对应，不能代替正式发表时间。"", ""value"": ""2025-06""}",,legacy_unverified,,"[""topic:representation"", ""topic:physics_constraints"", ""topic:geometry"", ""topic:plasma""]"
arxiv:2506.16619,paper,Learning Heat Transport Kernels Using a Nonlocal Heat Transport Theory-Informed Neural Network,2506.16619,,"{""basis"": ""arxiv_id_month_inferred"", ""is_publication_date"": false, ""precision"": ""month"", ""source_ref"": ""metadata/papers.jsonl:88"", ""uncertainty"": ""由注册表arXiv编号推断提交年月；本次未逐篇核验编号与标题对应，不能代替正式发表时间。"", ""value"": ""2025-06""}",,legacy_unverified,,"[""topic:physics_constraints"", ""topic:data_evaluation"", ""topic:plasma"", ""topic:theory""]"
arxiv:2506.17774,paper,PhysiX: A Foundation Model for Physics Simulations,2506.17774,,"{""basis"": ""arxiv_id_month_inferred"", ""is_publication_date"": false, ""precision"": ""month"", ""source_ref"": ""metadata/papers.jsonl:89"", ""uncertainty"": ""由注册表arXiv编号推断提交年月；本次未逐篇核验编号与标题对应，不能代替正式发表时间。"", ""value"": ""2025-06""}",,legacy_unverified,,"[""topic:representation"", ""topic:multiphysics_pretraining"", ""topic:long_time"", ""topic:generative"", ""topic:data_evaluation"", ""topic:adaptation"", ""topic:transformers""]"
arxiv:2506.19632,paper,Solving the QCD Effective Kinetic Theory with Neural Networks,2506.19632,,"{""basis"": ""arxiv_id_month_inferred"", ""is_publication_date"": false, ""precision"": ""month"", ""source_ref"": ""metadata/papers.jsonl:90"", ""uncertainty"": ""由注册表arXiv编号推断提交年月；本次未逐篇核验编号与标题对应，不能代替正式发表时间。"", ""value"": ""2025-06""}",,legacy_unverified,,"[""topic:physics_constraints"", ""topic:theory""]"
arxiv:2506.19805,paper,Convolution-weighting method for the physics-informed neural network: A primal-dual optimization perspective,2506.19805,10.1016/j.jcp.2026.114773,"{""basis"": ""arxiv_id_month_inferred"", ""is_publication_date"": false, ""precision"": ""month"", ""source_ref"": ""metadata/papers.jsonl:91"", ""uncertainty"": ""由注册表arXiv编号推断提交年月；本次未逐篇核验编号与标题对应，不能代替正式发表时间。"", ""value"": ""2025-06""}",,legacy_unverified,,"[""topic:physics_constraints"", ""topic:optimization""]"
arxiv:2507.01388,paper,Spectral Learning of Magnetized Plasma Dynamics: A Neural Operator Application,2507.01388,,"{""basis"": ""arxiv_id_month_inferred"", ""is_publication_date"": false, ""precision"": ""month"", ""source_ref"": ""metadata/papers.jsonl:92"", ""uncertainty"": ""由注册表arXiv编号推断提交年月；本次未逐篇核验编号与标题对应，不能代替正式发表时间。"", ""value"": ""2025-07""}",,legacy_unverified,,"[""topic:operator_learning"", ""topic:multiscale"", ""topic:long_time"", ""topic:data_evaluation"", ""topic:adaptation"", ""topic:plasma"", ""topic:efficiency""]"
arxiv:2507.01537,paper,Enhanced Control of High Harmonic Generation in Mixed Argon-Helium Gaseous Media,2507.01537,,"{""basis"": ""arxiv_id_month_inferred"", ""is_publication_date"": false, ""precision"": ""month"", ""source_ref"": ""metadata/papers.jsonl:93"", ""uncertainty"": ""由注册表arXiv编号推断提交年月；本次未逐篇核验编号与标题对应，不能代替正式发表时间。"", ""value"": ""2025-07""}",,legacy_unverified,,"[""topic:multiscale"", ""topic:radiation_euv""]"
arxiv:2507.02106,paper,Resolving Turbulent Magnetohydrodynamics: A Hybrid Operator-Diffusion Framework,2507.02106,,"{""basis"": ""arxiv_id_month_inferred"", ""is_publication_date"": false, ""precision"": ""month"", ""source_ref"": ""metadata/papers.jsonl:94"", ""uncertainty"": ""由注册表arXiv编号推断提交年月；本次未逐篇核验编号与标题对应，不能代替正式发表时间。"", ""value"": ""2025-07""}",,legacy_unverified,,"[""topic:operator_learning"", ""topic:physics_constraints"", ""topic:generative"", ""topic:adaptation"", ""topic:hybrid_solvers"", ""topic:plasma""]"
arxiv:2507.03119,paper,Improving ideal MHD equilibrium accuracy with physics-informed neural networks,2507.03119,,"{""basis"": ""arxiv_id_month_inferred"", ""is_publication_date"": false, ""precision"": ""month"", ""source_ref"": ""metadata/papers.jsonl:95"", ""uncertainty"": ""由注册表arXiv编号推断提交年月；本次未逐篇核验编号与标题对应，不能代替正式发表时间。"", ""value"": ""2025-07""}",,legacy_unverified,,"[""topic:operator_learning"", ""topic:physics_constraints"", ""topic:multiscale"", ""topic:optimization""]"
arxiv:2507.03660,paper,When Network Architecture Meets Physics: Deep Operator Learning for Coupled Multiphysics,2507.03660,,"{""basis"": ""arxiv_id_month_inferred"", ""is_publication_date"": false, ""precision"": ""month"", ""source_ref"": ""metadata/papers.jsonl:96"", ""uncertainty"": ""由注册表arXiv编号推断提交年月；本次未逐篇核验编号与标题对应，不能代替正式发表时间。"", ""value"": ""2025-07""}",,legacy_unverified,,"[""topic:operator_learning"", ""topic:multiphysics_pretraining""]"
arxiv:2507.04153,paper,Physics-informed neural networks and neural operators for a study of EUV electromagnetic wave diffraction from a lithography mask,2507.04153,,"{""basis"": ""arxiv_id_month_inferred"", ""is_publication_date"": false, ""precision"": ""month"", ""source_ref"": ""metadata/papers.jsonl:97"", ""uncertainty"": ""由注册表arXiv编号推断提交年月；本次未逐篇核验编号与标题对应，不能代替正式发表时间。"", ""value"": ""2025-07""}",,legacy_unverified,,"[""topic:operator_learning"", ""topic:physics_constraints"", ""topic:adaptation"", ""topic:radiation_euv"", ""topic:efficiency""]"
arxiv:2507.09264,paper,"Overtone: Cyclic Patch Modulation for Clean, Efficient, and Flexible Physics Emulators",2507.09264,,"{""basis"": ""arxiv_id_month_inferred"", ""is_publication_date"": false, ""precision"": ""month"", ""source_ref"": ""metadata/papers.jsonl:98"", ""uncertainty"": ""由注册表arXiv编号推断提交年月；本次未逐篇核验编号与标题对应，不能代替正式发表时间。"", ""value"": ""2025-07""}",,legacy_unverified,,"[""topic:representation"", ""topic:multiphysics_pretraining"", ""topic:multiscale"", ""topic:long_time"", ""topic:data_evaluation"", ""topic:transformers"", ""topic:efficiency""]"
arxiv:2507.15409,paper,PDEformer-2: A Versatile Foundation Model for Two-Dimensional Partial Differential Equations,2507.15409,,"{""basis"": ""arxiv_id_month_inferred"", ""is_publication_date"": false, ""precision"": ""month"", ""source_ref"": ""metadata/papers.jsonl:99"", ""uncertainty"": ""由注册表arXiv编号推断提交年月；本次未逐篇核验编号与标题对应，不能代替正式发表时间。"", ""value"": ""2025-07""}",,legacy_unverified,,"[""topic:representation"", ""topic:multiphysics_pretraining"", ""topic:symbolic_conditioning"", ""topic:physics_constraints"", ""topic:geometry"", ""topic:data_evaluation"", ""topic:adaptation""]"
arxiv:2507.15976,paper,Efficient Dataset Construction using Active Learning and Uncertainty-Aware Neural Networks for Plasma Turbulent Transport Surrogate Models,2507.15976,,"{""basis"": ""arxiv_id_month_inferred"", ""is_publication_date"": false, ""precision"": ""month"", ""source_ref"": ""metadata/papers.jsonl:100"", ""uncertainty"": ""由注册表arXiv编号推断提交年月；本次未逐篇核验编号与标题对应，不能代替正式发表时间。"", ""value"": ""2025-07""}",,legacy_unverified,,"[""topic:uncertainty"", ""topic:data_evaluation"", ""topic:plasma"", ""topic:optimization"", ""topic:efficiency""]"
arxiv:2507.16960,paper,Surrogate Modeling of Landau Damping with Deep Operator Networks,2507.16960,,"{""basis"": ""arxiv_id_month_inferred"", ""is_publication_date"": false, ""precision"": ""month"", ""source_ref"": ""metadata/papers.jsonl:101"", ""uncertainty"": ""由注册表arXiv编号推断提交年月；本次未逐篇核验编号与标题对应，不能代替正式发表时间。"", ""value"": ""2025-07""}",,legacy_unverified,,"[""topic:operator_learning"", ""topic:long_time"", ""topic:adaptation"", ""topic:plasma""]"
arxiv:2507.17019,paper,Bayesian BiLO: Bilevel Local Operator Learning for Efficient Uncertainty Quantification of Bayesian PDE Inverse Problems with Low-Rank Adaptation,2507.17019,,"{""basis"": ""arxiv_id_month_inferred"", ""is_publication_date"": false, ""precision"": ""month"", ""source_ref"": ""metadata/papers.jsonl:102"", ""uncertainty"": ""由注册表arXiv编号推断提交年月；本次未逐篇核验编号与标题对应，不能代替正式发表时间。"", ""value"": ""2025-07""}",,legacy_unverified,,"[""topic:operator_learning"", ""topic:multiphysics_pretraining"", ""topic:physics_constraints"", ""topic:uncertainty"", ""topic:adaptation"", ""topic:inverse_control"", ""topic:efficiency""]"
arxiv:2507.21684,paper,diffSPH: Differentiable smoothed particle hydrodynamics for hybrid machine learning solutions in fluid mechanics,2507.21684,10.1016/j.jcp.2026.114769,"{""basis"": ""arxiv_id_month_inferred"", ""is_publication_date"": false, ""precision"": ""month"", ""source_ref"": ""metadata/papers.jsonl:103"", ""uncertainty"": ""由注册表arXiv编号推断提交年月；本次未逐篇核验编号与标题对应，不能代替正式发表时间。"", ""value"": ""2025-07""}",,legacy_unverified,,"[""topic:hybrid_solvers"", ""topic:optimization"", ""topic:inverse_control""]"
arxiv:2508.01211,paper,Multi-Operator Few-Shot Learning for Generalization Across PDE Families（MOFS）,2508.01211,,"{""basis"": ""arxiv_id_month_inferred"", ""is_publication_date"": false, ""precision"": ""month"", ""source_ref"": ""metadata/papers.jsonl:104"", ""uncertainty"": ""由注册表arXiv编号推断提交年月；本次未逐篇核验编号与标题对应，不能代替正式发表时间。"", ""value"": ""2025-08""}",,legacy_unverified,,"[""topic:representation"", ""topic:operator_learning"", ""topic:multiphysics_pretraining"", ""topic:in_context"", ""topic:multiscale"", ""topic:data_evaluation"", ""topic:adaptation"", ""topic:transformers""]"
arxiv:2508.20650,paper,Self-composing neural operators for high-frequency and multiscale PDE surrogates,2508.20650,10.1016/j.jcp.2026.115189,"{""basis"": ""arxiv_id_month_inferred"", ""is_publication_date"": false, ""precision"": ""month"", ""source_ref"": ""metadata/papers.jsonl:105"", ""uncertainty"": ""由注册表arXiv编号推断提交年月；本次未逐篇核验编号与标题对应，不能代替正式发表时间。"", ""value"": ""2025-08""}",,legacy_unverified,,"[""topic:operator_learning"", ""topic:multiscale"", ""topic:adaptation"", ""topic:hybrid_solvers"", ""topic:efficiency""]"
arxiv:2508.20878,paper,Automated simulation-based design via multi-fidelity active learning and optimisation for laser direct drive implosions,2508.20878,,"{""basis"": ""arxiv_id_month_inferred"", ""is_publication_date"": false, ""precision"": ""month"", ""source_ref"": ""metadata/papers.jsonl:106"", ""uncertainty"": ""由注册表arXiv编号推断提交年月；本次未逐篇核验编号与标题对应，不能代替正式发表时间。"", ""value"": ""2025-08""}",,legacy_unverified,,"[""topic:representation"", ""topic:long_time"", ""topic:uncertainty"", ""topic:plasma"", ""topic:radiation_euv"", ""topic:optimization""]"
arxiv:2509.00867,paper,Self-supervised neural operator for solving partial differential equations,2509.00867,,"{""basis"": ""arxiv_id_month_inferred"", ""is_publication_date"": false, ""precision"": ""month"", ""source_ref"": ""metadata/papers.jsonl:107"", ""uncertainty"": ""由注册表arXiv编号推断提交年月；本次未逐篇核验编号与标题对应，不能代替正式发表时间。"", ""value"": ""2025-09""}",,legacy_unverified,,"[""topic:operator_learning"", ""topic:physics_constraints""]"
arxiv:2509.02846,paper,Towards Reasoning for PDE Foundation Models: A Reward-Model-Driven Inference-Time-Scaling Algorithm,2509.02846,,"{""basis"": ""arxiv_id_month_inferred"", ""is_publication_date"": false, ""precision"": ""month"", ""source_ref"": ""metadata/papers.jsonl:108"", ""uncertainty"": ""由注册表arXiv编号推断提交年月；本次未逐篇核验编号与标题对应，不能代替正式发表时间。"", ""value"": ""2025-09""}",,legacy_unverified,,"[""topic:multiphysics_pretraining"", ""topic:adaptation""]"
arxiv:2509.05117,paper,HyPINO: Multi-Physics Neural Operators via HyperPINNs and the Method of Manufactured Solutions,2509.05117,,"{""basis"": ""arxiv_id_month_inferred"", ""is_publication_date"": false, ""precision"": ""month"", ""source_ref"": ""metadata/papers.jsonl:109"", ""uncertainty"": ""由注册表arXiv编号推断提交年月；本次未逐篇核验编号与标题对应，不能代替正式发表时间。"", ""value"": ""2025-09""}",,legacy_unverified,,"[""topic:operator_learning"", ""topic:multiphysics_pretraining"", ""topic:physics_constraints"", ""topic:geometry"", ""topic:data_evaluation"", ""topic:adaptation"", ""topic:transformers""]"
arxiv:2509.05186,paper,Probabilistic Operator Learning: Generative Modeling and Uncertainty Quantification for Foundation Models of Differential Equations,2509.05186,,"{""basis"": ""arxiv_id_month_inferred"", ""is_publication_date"": false, ""precision"": ""month"", ""source_ref"": ""metadata/papers.jsonl:110"", ""uncertainty"": ""由注册表arXiv编号推断提交年月；本次未逐篇核验编号与标题对应，不能代替正式发表时间。"", ""value"": ""2025-09""}",,legacy_unverified,,"[""topic:operator_learning"", ""topic:multiphysics_pretraining"", ""topic:in_context"", ""topic:generative"", ""topic:uncertainty"", ""topic:theory""]"
arxiv:2509.05510,paper,Causal Multi-Fidelity Surrogate Forward and Inverse Models for ICF Implosions,2509.05510,,"{""basis"": ""arxiv_id_month_inferred"", ""is_publication_date"": false, ""precision"": ""month"", ""source_ref"": ""metadata/papers.jsonl:111"", ""uncertainty"": ""由注册表arXiv编号推断提交年月；本次未逐篇核验编号与标题对应，不能代替正式发表时间。"", ""value"": ""2025-09""}",,legacy_unverified,,"[""topic:radiation_euv"", ""topic:inverse_control""]"
arxiv:2509.05799,paper,Hybrid Fourier Neural Operator–Plasma Fluid Model for Fast and Accurate Multiscale Simulations of High Power Microwave Breakdown,2509.05799,,"{""basis"": ""arxiv_id_month_inferred"", ""is_publication_date"": false, ""precision"": ""month"", ""source_ref"": ""metadata/papers.jsonl:112"", ""uncertainty"": ""由注册表arXiv编号推断提交年月；本次未逐篇核验编号与标题对应，不能代替正式发表时间。"", ""value"": ""2025-09""}",,legacy_unverified,,"[""topic:operator_learning"", ""topic:multiscale"", ""topic:hybrid_solvers"", ""topic:plasma"", ""topic:efficiency""]"
arxiv:2509.06088,paper,Time-Embedded Convolutional Neural Networks for Modeling Plasma Heat Transport,2509.06088,,"{""basis"": ""arxiv_id_month_inferred"", ""is_publication_date"": false, ""precision"": ""month"", ""source_ref"": ""metadata/papers.jsonl:113"", ""uncertainty"": ""由注册表arXiv编号推断提交年月；本次未逐篇核验编号与标题对应，不能代替正式发表时间。"", ""value"": ""2025-09""}",,legacy_unverified,,"[""topic:plasma""]"
arxiv:2509.07024,paper,TGLF-WINN: Data-Efficient Deep Learning Surrogate for Turbulent Transport Modeling in Fusion,2509.07024,,"{""basis"": ""arxiv_id_month_inferred"", ""is_publication_date"": false, ""precision"": ""month"", ""source_ref"": ""metadata/papers.jsonl:114"", ""uncertainty"": ""由注册表arXiv编号推断提交年月；本次未逐篇核验编号与标题对应，不能代替正式发表时间。"", ""value"": ""2025-09""}",,legacy_unverified,,"[""topic:representation"", ""topic:uncertainty"", ""topic:adaptation"", ""topic:plasma"", ""topic:optimization"", ""topic:efficiency""]"
arxiv:2509.10186,paper,P3D: Highly Scalable 3D Neural Surrogates for Physics Simulations with Global Context,2509.10186,,"{""basis"": ""arxiv_id_month_inferred"", ""is_publication_date"": false, ""precision"": ""month"", ""source_ref"": ""metadata/papers.jsonl:115"", ""uncertainty"": ""由注册表arXiv编号推断提交年月；本次未逐篇核验编号与标题对应，不能代替正式发表时间。"", ""value"": ""2025-09""}",,legacy_unverified,,"[""topic:data_evaluation"", ""topic:adaptation"", ""topic:transformers"", ""topic:efficiency""]"
arxiv:2509.11576,paper,Reconstructing High-fidelity Plasma Turbulence with Data-driven Tuning of Diffusion in Low Resolution Grids,2509.11576,,"{""basis"": ""arxiv_id_month_inferred"", ""is_publication_date"": false, ""precision"": ""month"", ""source_ref"": ""metadata/papers.jsonl:116"", ""uncertainty"": ""由注册表arXiv编号推断提交年月；本次未逐篇核验编号与标题对应，不能代替正式发表时间。"", ""value"": ""2025-09""}",,legacy_unverified,,"[""topic:representation"", ""topic:geometry"", ""topic:data_evaluation"", ""topic:hybrid_solvers"", ""topic:plasma"", ""topic:theory""]"
arxiv:2509.13805,paper,"Towards a Physics Foundation Model（General Physics Transformer, GPhyT）",2509.13805,,"{""basis"": ""arxiv_id_month_inferred"", ""is_publication_date"": false, ""precision"": ""month"", ""source_ref"": ""metadata/papers.jsonl:117"", ""uncertainty"": ""由注册表arXiv编号推断提交年月；本次未逐篇核验编号与标题对应，不能代替正式发表时间。"", ""value"": ""2025-09""}",,legacy_unverified,,"[""topic:multiphysics_pretraining"", ""topic:symbolic_conditioning"", ""topic:in_context"", ""topic:long_time"", ""topic:adaptation"", ""topic:transformers""]"
arxiv:2509.18611,paper,Flow Marching for a Generative PDE Foundation Model,2509.18611,,"{""basis"": ""arxiv_id_month_inferred"", ""is_publication_date"": false, ""precision"": ""month"", ""source_ref"": ""metadata/papers.jsonl:118"", ""uncertainty"": ""由注册表arXiv编号推断提交年月；本次未逐篇核验编号与标题对应，不能代替正式发表时间。"", ""value"": ""2025-09""}",,legacy_unverified,,"[""topic:representation"", ""topic:operator_learning"", ""topic:multiphysics_pretraining"", ""topic:long_time"", ""topic:generative"", ""topic:uncertainty""]"
arxiv:2509.19605,paper,Graph-based Neural Space Weather Forecasting,2509.19605,,"{""basis"": ""arxiv_id_month_inferred"", ""is_publication_date"": false, ""precision"": ""month"", ""source_ref"": ""metadata/papers.jsonl:119"", ""uncertainty"": ""由注册表arXiv编号推断提交年月；本次未逐篇核验编号与标题对应，不能代替正式发表时间。"", ""value"": ""2025-09""}",,legacy_unverified,,"[""topic:long_time"", ""topic:generative"", ""topic:uncertainty"", ""topic:plasma""]"
arxiv:2509.21196,paper,DINO: Differential-Integral Neural Operator for Long-Term Turbulence Forecasting,2509.21196,,"{""basis"": ""arxiv_id_month_inferred"", ""is_publication_date"": false, ""precision"": ""month"", ""source_ref"": ""metadata/papers.jsonl:120"", ""uncertainty"": ""由注册表arXiv编号推断提交年月；本次未逐篇核验编号与标题对应，不能代替正式发表时间。"", ""value"": ""2025-09""}",,legacy_unverified,,"[""topic:operator_learning"", ""topic:long_time"", ""topic:data_evaluation"", ""topic:theory""]"
arxiv:2509.21670,paper,MORPH: PDE Foundation Models with Arbitrary Data Modality,2509.21670,,"{""basis"": ""arxiv_id_month_inferred"", ""is_publication_date"": false, ""precision"": ""month"", ""source_ref"": ""metadata/papers.jsonl:121"", ""uncertainty"": ""由注册表arXiv编号推断提交年月；本次未逐篇核验编号与标题对应，不能代替正式发表时间。"", ""value"": ""2025-09""}",,legacy_unverified,,"[""topic:multiphysics_pretraining"", ""topic:long_time"", ""topic:data_evaluation"", ""topic:adaptation"", ""topic:transformers""]"
arxiv:2509.22411,paper,Fast-Forward Lattice Boltzmann: Learning Kinetic Behaviour with Physics-Informed Neural Operators,2509.22411,,"{""basis"": ""arxiv_id_month_inferred"", ""is_publication_date"": false, ""precision"": ""month"", ""source_ref"": ""metadata/papers.jsonl:122"", ""uncertainty"": ""由注册表arXiv编号推断提交年月；本次未逐篇核验编号与标题对应，不能代替正式发表时间。"", ""value"": ""2025-09""}",,legacy_unverified,,"[""topic:operator_learning"", ""topic:physics_constraints"", ""topic:adaptation""]"
arxiv:2509.23063,paper,Dynamical feedback control with operator learning for the Vlasov-Poisson system,2509.23063,,"{""basis"": ""arxiv_id_month_inferred"", ""is_publication_date"": false, ""precision"": ""month"", ""source_ref"": ""metadata/papers.jsonl:123"", ""uncertainty"": ""由注册表arXiv编号推断提交年月；本次未逐篇核验编号与标题对应，不能代替正式发表时间。"", ""value"": ""2025-09""}",,legacy_unverified,,"[""topic:operator_learning"", ""topic:plasma"", ""topic:inverse_control""]"
arxiv:2509.23173,paper,F-Adapter: Frequency-Adaptive Parameter-Efficient Fine-Tuning in Scientific Machine Learning,2509.23173,,"{""basis"": ""arxiv_id_month_inferred"", ""is_publication_date"": false, ""precision"": ""month"", ""source_ref"": ""metadata/papers.jsonl:124"", ""uncertainty"": ""由注册表arXiv编号推断提交年月；本次未逐篇核验编号与标题对应，不能代替正式发表时间。"", ""value"": ""2025-09""}",,legacy_unverified,,"[""topic:operator_learning"", ""topic:multiphysics_pretraining"", ""topic:multiscale"", ""topic:adaptation"", ""topic:theory"", ""topic:efficiency""]"
arxiv:2509.24332,paper,Towards Generalizable PDE Dynamics Forecasting via Physics-Guided Invariant Learning,2509.24332,,"{""basis"": ""arxiv_id_month_inferred"", ""is_publication_date"": false, ""precision"": ""month"", ""source_ref"": ""metadata/papers.jsonl:125"", ""uncertainty"": ""由注册表arXiv编号推断提交年月；本次未逐篇核验编号与标题对应，不能代替正式发表时间。"", ""value"": ""2025-09""}",,legacy_unverified,,"[""topic:representation"", ""topic:multiphysics_pretraining"", ""topic:adaptation"", ""topic:theory""]"
arxiv:2509.24868,paper,DRIFT-Net: A Spectral-Coupled Neural Operator for PDEs Learning,2509.24868,,"{""basis"": ""arxiv_id_month_inferred"", ""is_publication_date"": false, ""precision"": ""month"", ""source_ref"": ""metadata/papers.jsonl:126"", ""uncertainty"": ""由注册表arXiv编号推断提交年月；本次未逐篇核验编号与标题对应，不能代替正式发表时间。"", ""value"": ""2025-09""}",,legacy_unverified,,"[""topic:operator_learning"", ""topic:multiscale"", ""topic:long_time"", ""topic:transformers"", ""topic:efficiency""]"
arxiv:2509.26282,paper,Reframing Generative Models for Physical Systems using Stochastic Interpolants,2509.26282,,"{""basis"": ""arxiv_id_month_inferred"", ""is_publication_date"": false, ""precision"": ""month"", ""source_ref"": ""metadata/papers.jsonl:127"", ""uncertainty"": ""由注册表arXiv编号推断提交年月；本次未逐篇核验编号与标题对应，不能代替正式发表时间。"", ""value"": ""2025-09""}",,legacy_unverified,,"[""topic:multiphysics_pretraining"", ""topic:long_time"", ""topic:generative"", ""topic:uncertainty"", ""topic:data_evaluation""]"
arxiv:2510.00282,paper,Electron Neural Closure for Turbulent Magnetosheath Simulations: Energy Channels,2510.00282,,"{""basis"": ""arxiv_id_month_inferred"", ""is_publication_date"": false, ""precision"": ""month"", ""source_ref"": ""metadata/papers.jsonl:128"", ""uncertainty"": ""由注册表arXiv编号推断提交年月；本次未逐篇核验编号与标题对应，不能代替正式发表时间。"", ""value"": ""2025-10""}",,legacy_unverified,,"[""topic:physics_constraints"", ""topic:hybrid_solvers"", ""topic:plasma"", ""topic:theory""]"
arxiv:2510.01370,paper,SPUS: A Lightweight and Parameter-Efficient Foundation Model for PDEs,2510.01370,,"{""basis"": ""arxiv_id_month_inferred"", ""is_publication_date"": false, ""precision"": ""month"", ""source_ref"": ""metadata/papers.jsonl:129"", ""uncertainty"": ""由注册表arXiv编号推断提交年月；本次未逐篇核验编号与标题对应，不能代替正式发表时间。"", ""value"": ""2025-10""}",,legacy_unverified,,"[""topic:operator_learning"", ""topic:multiphysics_pretraining"", ""topic:physics_constraints"", ""topic:multiscale"", ""topic:long_time"", ""topic:adaptation"", ""topic:transformers"", ""topic:efficiency""]"
arxiv:2510.01977,paper,Accelerating Kinetic Plasma Simulations with Machine Learning Generated Initial Conditions,2510.01977,,"{""basis"": ""arxiv_id_month_inferred"", ""is_publication_date"": false, ""precision"": ""month"", ""source_ref"": ""metadata/papers.jsonl:130"", ""uncertainty"": ""由注册表arXiv编号推断提交年月；本次未逐篇核验编号与标题对应，不能代替正式发表时间。"", ""value"": ""2025-10""}",,legacy_unverified,,"[""topic:plasma"", ""topic:efficiency""]"
arxiv:2510.05995,paper,A comprehensive comparison of neural operators for 3D industry-scale engineering designs,2510.05995,,"{""basis"": ""arxiv_id_month_inferred"", ""is_publication_date"": false, ""precision"": ""month"", ""source_ref"": ""metadata/papers.jsonl:131"", ""uncertainty"": ""由注册表arXiv编号推断提交年月；本次未逐篇核验编号与标题对应，不能代替正式发表时间。"", ""value"": ""2025-10""}",,legacy_unverified,,"[""topic:operator_learning"", ""topic:multiphysics_pretraining"", ""topic:data_evaluation"", ""topic:adaptation"", ""topic:transformers"", ""topic:efficiency""]"
arxiv:2510.07314,paper,GyroSwin: 5D Surrogates for Gyrokinetic Plasma Turbulence Simulations,2510.07314,,"{""basis"": ""arxiv_id_month_inferred"", ""is_publication_date"": false, ""precision"": ""month"", ""source_ref"": ""metadata/papers.jsonl:132"", ""uncertainty"": ""由注册表arXiv编号推断提交年月；本次未逐篇核验编号与标题对应，不能代替正式发表时间。"", ""value"": ""2025-10""}",,legacy_unverified,,"[""topic:plasma"", ""topic:transformers"", ""topic:scaling""]"
arxiv:2510.11174,paper,Machine Learning-Integrated Hybrid Fluid-Kinetic Framework for Quantum Electrodynamic Laser Plasma Simulations,2510.11174,,"{""basis"": ""arxiv_id_month_inferred"", ""is_publication_date"": false, ""precision"": ""month"", ""source_ref"": ""metadata/papers.jsonl:133"", ""uncertainty"": ""由注册表arXiv编号推断提交年月；本次未逐篇核验编号与标题对应，不能代替正式发表时间。"", ""value"": ""2025-10""}",,legacy_unverified,,"[""topic:hybrid_solvers"", ""topic:plasma"", ""topic:radiation_euv""]"
arxiv:2510.11840,paper,Learning interpretable closures for thermal radiation transport in optically-thin media using WSINDy,2510.11840,,"{""basis"": ""arxiv_id_month_inferred"", ""is_publication_date"": false, ""precision"": ""month"", ""source_ref"": ""metadata/papers.jsonl:134"", ""uncertainty"": ""由注册表arXiv编号推断提交年月；本次未逐篇核验编号与标题对应，不能代替正式发表时间。"", ""value"": ""2025-10""}",,legacy_unverified,,"[""topic:symbolic_conditioning"", ""topic:physics_constraints"", ""topic:long_time"", ""topic:hybrid_solvers"", ""topic:plasma"", ""topic:radiation_euv"", ""topic:efficiency""]"
arxiv:2510.12443,paper,Self-Attention Enabled Quantum Path Analysis of High-Harmonic Generation in Solids,2510.12443,,"{""basis"": ""arxiv_id_month_inferred"", ""is_publication_date"": false, ""precision"": ""month"", ""source_ref"": ""metadata/papers.jsonl:135"", ""uncertainty"": ""由注册表arXiv编号推断提交年月；本次未逐篇核验编号与标题对应，不能代替正式发表时间。"", ""value"": ""2025-10""}",,legacy_unverified,,"[""topic:representation"", ""topic:operator_learning"", ""topic:multiscale"", ""topic:transformers""]"
arxiv:2510.13047,paper,Solving the BGK Model and Boltzmann Equation by Fourier Neural Operator with Conservative Constraints,2510.13047,,"{""basis"": ""arxiv_id_month_inferred"", ""is_publication_date"": false, ""precision"": ""month"", ""source_ref"": ""metadata/papers.jsonl:136"", ""uncertainty"": ""由注册表arXiv编号推断提交年月；本次未逐篇核验编号与标题对应，不能代替正式发表时间。"", ""value"": ""2025-10""}",,legacy_unverified,,"[""topic:representation"", ""topic:operator_learning"", ""topic:physics_constraints"", ""topic:geometry"", ""topic:multiscale""]"
arxiv:2510.13665,paper,Axial Neural Networks for Dimension-Free Foundation Models（XNN）,2510.13665,,"{""basis"": ""arxiv_id_month_inferred"", ""is_publication_date"": false, ""precision"": ""month"", ""source_ref"": ""metadata/papers.jsonl:137"", ""uncertainty"": ""由注册表arXiv编号推断提交年月；本次未逐篇核验编号与标题对应，不能代替正式发表时间。"", ""value"": ""2025-10""}",,legacy_unverified,,"[""topic:representation"", ""topic:multiphysics_pretraining"", ""topic:adaptation"", ""topic:transformers"", ""topic:efficiency""]"
arxiv:2510.16816,paper,Efficient High-Accuracy PDEs Solver with the Linear Attention Neural Operator,2510.16816,,"{""basis"": ""arxiv_id_month_inferred"", ""is_publication_date"": false, ""precision"": ""month"", ""source_ref"": ""metadata/papers.jsonl:138"", ""uncertainty"": ""由注册表arXiv编号推断提交年月；本次未逐篇核验编号与标题对应，不能代替正式发表时间。"", ""value"": ""2025-10""}",,legacy_unverified,,"[""topic:representation"", ""topic:operator_learning"", ""topic:multiphysics_pretraining"", ""topic:data_evaluation"", ""topic:theory"", ""topic:transformers"", ""topic:efficiency""]"
arxiv:2510.23088,paper,Machine Learning approach to modeling of neutral particles transport in plasma,2510.23088,,"{""basis"": ""arxiv_id_month_inferred"", ""is_publication_date"": false, ""precision"": ""month"", ""source_ref"": ""metadata/papers.jsonl:139"", ""uncertainty"": ""由注册表arXiv编号推断提交年月；本次未逐篇核验编号与标题对应，不能代替正式发表时间。"", ""value"": ""2025-10""}",,legacy_unverified,,"[""topic:hybrid_solvers"", ""topic:plasma""]"
arxiv:2510.24173,paper,EddyFormer: Accelerated Neural Simulations of Three-Dimensional Turbulence at Scale,2510.24173,,"{""basis"": ""arxiv_id_month_inferred"", ""is_publication_date"": false, ""precision"": ""month"", ""source_ref"": ""metadata/papers.jsonl:140"", ""uncertainty"": ""由注册表arXiv编号推断提交年月；本次未逐篇核验编号与标题对应，不能代替正式发表时间。"", ""value"": ""2025-10""}",,legacy_unverified,,"[""topic:representation"", ""topic:geometry"", ""topic:data_evaluation"", ""topic:adaptation"", ""topic:theory"", ""topic:transformers"", ""topic:efficiency""]"
arxiv:2510.25379,paper,A Deep Learning Framework for Multi-Operator Learning: Architectures and Approximation Theory,2510.25379,,"{""basis"": ""arxiv_id_month_inferred"", ""is_publication_date"": false, ""precision"": ""month"", ""source_ref"": ""metadata/papers.jsonl:141"", ""uncertainty"": ""由注册表arXiv编号推断提交年月；本次未逐篇核验编号与标题对应，不能代替正式发表时间。"", ""value"": ""2025-10""}",,legacy_unverified,,"[""topic:representation"", ""topic:operator_learning"", ""topic:multiphysics_pretraining"", ""topic:adaptation"", ""topic:theory"", ""topic:scaling""]"
arxiv:2510.25803,paper,Mixture-of-Experts Operator Transformer for Large-Scale PDE Pre-Training,2510.25803,,"{""basis"": ""arxiv_id_month_inferred"", ""is_publication_date"": false, ""precision"": ""month"", ""source_ref"": ""metadata/papers.jsonl:142"", ""uncertainty"": ""由注册表arXiv编号推断提交年月；本次未逐篇核验编号与标题对应，不能代替正式发表时间。"", ""value"": ""2025-10""}",,legacy_unverified,,"[""topic:multiphysics_pretraining"", ""topic:data_evaluation"", ""topic:adaptation"", ""topic:transformers"", ""topic:efficiency""]"
arxiv:2511.02481,paper,NOWS: Neural Operator Warm Starts for accelerating iterative solvers,2511.02481,10.1016/j.cma.2026.118989,"{""basis"": ""arxiv_id_month_inferred"", ""is_publication_date"": false, ""precision"": ""month"", ""source_ref"": ""metadata/papers.jsonl:143"", ""uncertainty"": ""由注册表arXiv编号推断提交年月；本次未逐篇核验编号与标题对应，不能代替正式发表时间。"", ""value"": ""2025-11""}",,legacy_unverified,,"[""topic:operator_learning"", ""topic:geometry"", ""topic:data_evaluation"", ""topic:theory"", ""topic:efficiency""]"
arxiv:2511.04991,paper,Uniformly accurate structure-preserving neural surrogates for radiative transfer,2511.04991,,"{""basis"": ""arxiv_id_month_inferred"", ""is_publication_date"": false, ""precision"": ""month"", ""source_ref"": ""metadata/papers.jsonl:144"", ""uncertainty"": ""由注册表arXiv编号推断提交年月；本次未逐篇核验编号与标题对应，不能代替正式发表时间。"", ""value"": ""2025-11""}",,legacy_unverified,,"[""topic:physics_constraints"", ""topic:multiscale"", ""topic:adaptation"", ""topic:radiation_euv"", ""topic:theory""]"
arxiv:2511.08219,paper,Emulating Radiative Transfer in Astrophysical Environments,2511.08219,,"{""basis"": ""arxiv_id_month_inferred"", ""is_publication_date"": false, ""precision"": ""month"", ""source_ref"": ""metadata/papers.jsonl:145"", ""uncertainty"": ""由注册表arXiv编号推断提交年月；本次未逐篇核验编号与标题对应，不能代替正式发表时间。"", ""value"": ""2025-11""}",,legacy_unverified,,"[""topic:representation"", ""topic:operator_learning"", ""topic:multiscale"", ""topic:adaptation"", ""topic:radiation_euv"", ""topic:efficiency""]"
arxiv:2511.09729,paper,Generalizing PDE Emulation with Equation-Aware Neural Operators,2511.09729,,"{""basis"": ""arxiv_id_month_inferred"", ""is_publication_date"": false, ""precision"": ""month"", ""source_ref"": ""metadata/papers.jsonl:146"", ""uncertainty"": ""由注册表arXiv编号推断提交年月；本次未逐篇核验编号与标题对应，不能代替正式发表时间。"", ""value"": ""2025-11""}",,legacy_unverified,,"[""topic:representation"", ""topic:operator_learning"", ""topic:multiphysics_pretraining"", ""topic:symbolic_conditioning"", ""topic:long_time"", ""topic:adaptation""]"
arxiv:2511.10147,paper,Data-driven multi-species heat flux closures for two-stream-unstable plasmas with nonlinear sparse regression,2511.10147,,"{""basis"": ""arxiv_id_month_inferred"", ""is_publication_date"": false, ""precision"": ""month"", ""source_ref"": ""metadata/papers.jsonl:147"", ""uncertainty"": ""由注册表arXiv编号推断提交年月；本次未逐篇核验编号与标题对应，不能代替正式发表时间。"", ""value"": ""2025-11""}",,legacy_unverified,,"[""topic:data_evaluation"", ""topic:hybrid_solvers"", ""topic:plasma"", ""topic:efficiency""]"
arxiv:2511.10829,paper,Towards Universal Neural Operators through Multiphysics Pretraining（NeurIPS 2025 ML4PS Workshop）,2511.10829,,"{""basis"": ""arxiv_id_month_inferred"", ""is_publication_date"": false, ""precision"": ""month"", ""source_ref"": ""metadata/papers.jsonl:148"", ""uncertainty"": ""由注册表arXiv编号推断提交年月；本次未逐篇核验编号与标题对应，不能代替正式发表时间。"", ""value"": ""2025-11""}",,legacy_unverified,,"[""topic:operator_learning"", ""topic:multiphysics_pretraining"", ""topic:data_evaluation"", ""topic:adaptation"", ""topic:transformers""]"
arxiv:2511.12764,paper,INC: An Indirect Neural Corrector for Auto-Regressive Hybrid PDE Solvers,2511.12764,,"{""basis"": ""arxiv_id_month_inferred"", ""is_publication_date"": false, ""precision"": ""month"", ""source_ref"": ""metadata/papers.jsonl:149"", ""uncertainty"": ""由注册表arXiv编号推断提交年月；本次未逐篇核验编号与标题对应，不能代替正式发表时间。"", ""value"": ""2025-11""}",,legacy_unverified,,"[""topic:representation"", ""topic:geometry"", ""topic:long_time"", ""topic:data_evaluation"", ""topic:hybrid_solvers"", ""topic:theory"", ""topic:efficiency""]"
arxiv:2511.12788,paper,Physics-Constrained Adaptive Neural Networks Enable Real-Time Semiconductor Manufacturing Optimization with Minimal Training Data,2511.12788,,"{""basis"": ""arxiv_id_month_inferred"", ""is_publication_date"": false, ""precision"": ""month"", ""source_ref"": ""metadata/papers.jsonl:150"", ""uncertainty"": ""由注册表arXiv编号推断提交年月；本次未逐篇核验编号与标题对应，不能代替正式发表时间。"", ""value"": ""2025-11""}",,legacy_unverified,,"[""topic:physics_constraints"", ""topic:geometry"", ""topic:adaptation"", ""topic:optimization"", ""topic:efficiency""]"
arxiv:2511.15684,paper,Walrus: A Cross-Domain Foundation Model for Continuum Dynamics,2511.15684,,"{""basis"": ""arxiv_id_month_inferred"", ""is_publication_date"": false, ""precision"": ""month"", ""source_ref"": ""metadata/papers.jsonl:151"", ""uncertainty"": ""由注册表arXiv编号推断提交年月；本次未逐篇核验编号与标题对应，不能代替正式发表时间。"", ""value"": ""2025-11""}",,legacy_unverified,,"[""topic:representation"", ""topic:multiphysics_pretraining"", ""topic:data_evaluation"", ""topic:plasma"", ""topic:transformers""]"
arxiv:2511.19114,paper,Physics-informed Neural Operator Learning for Nonlinear Grad-Shafranov Equation,2511.19114,,"{""basis"": ""arxiv_id_month_inferred"", ""is_publication_date"": false, ""precision"": ""month"", ""source_ref"": ""metadata/papers.jsonl:152"", ""uncertainty"": ""由注册表arXiv编号推断提交年月；本次未逐篇核验编号与标题对应，不能代替正式发表时间。"", ""value"": ""2025-11""}",,legacy_unverified,,"[""topic:operator_learning"", ""topic:physics_constraints"", ""topic:plasma"", ""topic:transformers"", ""topic:efficiency""]"
arxiv:2511.20445,paper,Diffusion for Fusion: Designing Stellarators with Generative AI,2511.20445,,"{""basis"": ""arxiv_id_month_inferred"", ""is_publication_date"": false, ""precision"": ""month"", ""source_ref"": ""metadata/papers.jsonl:153"", ""uncertainty"": ""由注册表arXiv编号推断提交年月；本次未逐篇核验编号与标题对应，不能代替正式发表时间。"", ""value"": ""2025-11""}",,legacy_unverified,,"[""topic:generative""]"
arxiv:2511.21861,paper,Towards a Foundation Model for Partial Differential Equations Across Physics Domains,2511.21861,,"{""basis"": ""arxiv_id_month_inferred"", ""is_publication_date"": false, ""precision"": ""month"", ""source_ref"": ""metadata/papers.jsonl:154"", ""uncertainty"": ""由注册表arXiv编号推断提交年月；本次未逐篇核验编号与标题对应，不能代替正式发表时间。"", ""value"": ""2025-11""}",,legacy_unverified,,"[""topic:representation"", ""topic:operator_learning"", ""topic:multiphysics_pretraining"", ""topic:multiscale"", ""topic:data_evaluation"", ""topic:adaptation"", ""topic:radiation_euv"", ""topic:theory"", ""topic:transformers""]"
arxiv:2511.22486,paper,The Machine Learning Approach to Moment Closure Relations for Plasma: A Review,2511.22486,,"{""basis"": ""arxiv_id_month_inferred"", ""is_publication_date"": false, ""precision"": ""month"", ""source_ref"": ""metadata/papers.jsonl:155"", ""uncertainty"": ""由注册表arXiv编号推断提交年月；本次未逐篇核验编号与标题对应，不能代替正式发表时间。"", ""value"": ""2025-11""}",,legacy_unverified,,"[""topic:operator_learning"", ""topic:symbolic_conditioning"", ""topic:hybrid_solvers"", ""topic:plasma""]"
arxiv:2512.01370,paper,Beyond Loss Guidance: Using PDE Residuals as Spectral Attention in Diffusion Neural Operators,2512.01370,,"{""basis"": ""arxiv_id_month_inferred"", ""is_publication_date"": false, ""precision"": ""month"", ""source_ref"": ""metadata/papers.jsonl:156"", ""uncertainty"": ""由注册表arXiv编号推断提交年月；本次未逐篇核验编号与标题对应，不能代替正式发表时间。"", ""value"": ""2025-12""}",,legacy_unverified,,"[""topic:operator_learning"", ""topic:multiphysics_pretraining"", ""topic:physics_constraints"", ""topic:multiscale"", ""topic:generative"", ""topic:data_evaluation"", ""topic:transformers"", ""topic:efficiency""]"
arxiv:2512.04974,paper,Efficient Generative Transformer Operators For Million-Point PDEs,2512.04974,,"{""basis"": ""arxiv_id_month_inferred"", ""is_publication_date"": false, ""precision"": ""month"", ""source_ref"": ""metadata/papers.jsonl:157"", ""uncertainty"": ""由注册表arXiv编号推断提交年月；本次未逐篇核验编号与标题对应，不能代替正式发表时间。"", ""value"": ""2025-12""}",,legacy_unverified,,"[""topic:representation"", ""topic:geometry"", ""topic:long_time"", ""topic:generative"", ""topic:transformers"", ""topic:efficiency""]"
arxiv:2512.04982,paper,Operator Formalism for Laser-Plasma Wakefield Acceleration,2512.04982,,"{""basis"": ""arxiv_id_month_inferred"", ""is_publication_date"": false, ""precision"": ""month"", ""source_ref"": ""metadata/papers.jsonl:158"", ""uncertainty"": ""由注册表arXiv编号推断提交年月；本次未逐篇核验编号与标题对应，不能代替正式发表时间。"", ""value"": ""2025-12""}",,legacy_unverified,,"[""topic:operator_learning"", ""topic:plasma"", ""topic:radiation_euv"", ""topic:theory"", ""topic:efficiency""]"
arxiv:2512.05297,paper,CFO: Learning Continuous-Time PDE Dynamics via Flow-Matched Neural Operators,2512.05297,,"{""basis"": ""arxiv_id_month_inferred"", ""is_publication_date"": false, ""precision"": ""month"", ""source_ref"": ""metadata/papers.jsonl:159"", ""uncertainty"": ""由注册表arXiv编号推断提交年月；本次未逐篇核验编号与标题对应，不能代替正式发表时间。"", ""value"": ""2025-12""}",,legacy_unverified,,"[""topic:representation"", ""topic:operator_learning"", ""topic:geometry"", ""topic:long_time"", ""topic:generative"", ""topic:optimization""]"
arxiv:2512.11686,paper,Stable Spectral Neural Operator for Learning Stiff PDE Systems from Limited Data,2512.11686,,"{""basis"": ""arxiv_id_month_inferred"", ""is_publication_date"": false, ""precision"": ""month"", ""source_ref"": ""metadata/papers.jsonl:160"", ""uncertainty"": ""由注册表arXiv编号推断提交年月；本次未逐篇核验编号与标题对应，不能代替正式发表时间。"", ""value"": ""2025-12""}",,legacy_unverified,,"[""topic:operator_learning"", ""topic:multiscale"", ""topic:data_evaluation"", ""topic:adaptation"", ""topic:efficiency""]"
arxiv:2512.11795,paper,Solving the Cosmological Vlasov-Poisson Equations with Physics-Informed Kolmogorov-Arnold Networks,2512.11795,,"{""basis"": ""arxiv_id_month_inferred"", ""is_publication_date"": false, ""precision"": ""month"", ""source_ref"": ""metadata/papers.jsonl:161"", ""uncertainty"": ""由注册表arXiv编号推断提交年月；本次未逐篇核验编号与标题对应，不能代替正式发表时间。"", ""value"": ""2025-12""}",,legacy_unverified,,"[""topic:representation"", ""topic:physics_constraints"", ""topic:plasma"", ""topic:theory""]"
arxiv:2512.14086,paper,Derivative-Informed Fourier Neural Operator: Universal Approximation and Applications to PDE-Constrained Optimization,2512.14086,,"{""basis"": ""arxiv_id_month_inferred"", ""is_publication_date"": false, ""precision"": ""month"", ""source_ref"": ""metadata/papers.jsonl:162"", ""uncertainty"": ""由注册表arXiv编号推断提交年月；本次未逐篇核验编号与标题对应，不能代替正式发表时间。"", ""value"": ""2025-12""}",,legacy_unverified,,"[""topic:operator_learning"", ""topic:multiscale"", ""topic:theory"", ""topic:optimization""]"
arxiv:2512.15085,paper,AI-Accelerated Operator Learning Framework for Rarefied Microflows,2512.15085,,"{""basis"": ""arxiv_id_month_inferred"", ""is_publication_date"": false, ""precision"": ""month"", ""source_ref"": ""metadata/papers.jsonl:163"", ""uncertainty"": ""由注册表arXiv编号推断提交年月；本次未逐篇核验编号与标题对应，不能代替正式发表时间。"", ""value"": ""2025-12""}",,legacy_unverified,,"[""topic:operator_learning"", ""topic:uncertainty"", ""topic:hybrid_solvers"", ""topic:efficiency""]"
arxiv:2512.16074,paper,In-Context Multi-Operator Learning with DeepOSets,2512.16074,,"{""basis"": ""arxiv_id_month_inferred"", ""is_publication_date"": false, ""precision"": ""month"", ""source_ref"": ""metadata/papers.jsonl:164"", ""uncertainty"": ""由注册表arXiv编号推断提交年月；本次未逐篇核验编号与标题对应，不能代替正式发表时间。"", ""value"": ""2025-12""}",,legacy_unverified,,"[""topic:operator_learning"", ""topic:multiphysics_pretraining"", ""topic:in_context"", ""topic:long_time"", ""topic:adaptation"", ""topic:theory"", ""topic:transformers"", ""topic:inverse_control""]"
arxiv:2512.17969,paper,Convolutional-Neural-Operator-Based Transfer Learning for Solving PDEs,2512.17969,,"{""basis"": ""arxiv_id_month_inferred"", ""is_publication_date"": false, ""precision"": ""month"", ""source_ref"": ""metadata/papers.jsonl:165"", ""uncertainty"": ""由注册表arXiv编号推断提交年月；本次未逐篇核验编号与标题对应，不能代替正式发表时间。"", ""value"": ""2025-12""}",,legacy_unverified,,"[""topic:operator_learning"", ""topic:multiphysics_pretraining"", ""topic:data_evaluation"", ""topic:adaptation"", ""topic:transformers"", ""topic:efficiency""]"
arxiv:2512.18595,paper,REALM: Benchmarking Neural Surrogates on Realistic Spatiotemporal Multiphysics Flows,2512.18595,,"{""basis"": ""arxiv_id_month_inferred"", ""is_publication_date"": false, ""precision"": ""month"", ""source_ref"": ""metadata/papers.jsonl:166"", ""uncertainty"": ""由注册表arXiv编号推断提交年月；本次未逐篇核验编号与标题对应，不能代替正式发表时间。"", ""value"": ""2025-12""}",,legacy_unverified,,"[""topic:representation"", ""topic:multiphysics_pretraining"", ""topic:physics_constraints"", ""topic:geometry"", ""topic:long_time"", ""topic:data_evaluation"", ""topic:transformers""]"
arxiv:2512.21319,paper,Variationally Correct Operator Learning: Reduced Basis Neural Operator with A Posteriori Error Estimation,2512.21319,,"{""basis"": ""arxiv_id_month_inferred"", ""is_publication_date"": false, ""precision"": ""month"", ""source_ref"": ""metadata/papers.jsonl:167"", ""uncertainty"": ""由注册表arXiv编号推断提交年月；本次未逐篇核验编号与标题对应，不能代替正式发表时间。"", ""value"": ""2025-12""}",,legacy_unverified,,"[""topic:operator_learning"", ""topic:multiphysics_pretraining"", ""topic:physics_constraints"", ""topic:theory""]"
arxiv:2512.23056,paper,PI-MFM: Physics-informed multimodal foundation model for solving partial differential equations,2512.23056,,"{""basis"": ""arxiv_id_month_inferred"", ""is_publication_date"": false, ""precision"": ""month"", ""source_ref"": ""metadata/papers.jsonl:168"", ""uncertainty"": ""由注册表arXiv编号推断提交年月；本次未逐篇核验编号与标题对应，不能代替正式发表时间。"", ""value"": ""2025-12""}",,legacy_unverified,,"[""topic:representation"", ""topic:multiphysics_pretraining"", ""topic:symbolic_conditioning"", ""topic:physics_constraints"", ""topic:adaptation"", ""topic:transformers"", ""topic:efficiency""]"
arxiv:2512.23192,paper,PGOT: A Physics-Geometry Operator Transformer for Complex PDEs,2512.23192,,"{""basis"": ""arxiv_id_month_inferred"", ""is_publication_date"": false, ""precision"": ""month"", ""source_ref"": ""metadata/papers.jsonl:169"", ""uncertainty"": ""由注册表arXiv编号推断提交年月；本次未逐篇核验编号与标题对应，不能代替正式发表时间。"", ""value"": ""2025-12""}",,legacy_unverified,,"[""topic:representation"", ""topic:multiphysics_pretraining"", ""topic:geometry"", ""topic:multiscale"", ""topic:data_evaluation"", ""topic:adaptation"", ""topic:transformers""]"
arxiv:2512.23884,paper,Autoregressive Long-Horizon Prediction of Plasma Edge Dynamics,2512.23884,,"{""basis"": ""arxiv_id_month_inferred"", ""is_publication_date"": false, ""precision"": ""month"", ""source_ref"": ""metadata/papers.jsonl:170"", ""uncertainty"": ""由注册表arXiv编号推断提交年月；本次未逐篇核验编号与标题对应，不能代替正式发表时间。"", ""value"": ""2025-12""}",,legacy_unverified,,"[""topic:long_time"", ""topic:plasma"", ""topic:radiation_euv"", ""topic:transformers""]"
arxiv:2512.24205,paper,Micro-Macro Tensor Neural Surrogates for Uncertainty Quantification in Collisional Plasma,2512.24205,,"{""basis"": ""arxiv_id_month_inferred"", ""is_publication_date"": false, ""precision"": ""month"", ""source_ref"": ""metadata/papers.jsonl:171"", ""uncertainty"": ""由注册表arXiv编号推断提交年月；本次未逐篇核验编号与标题对应，不能代替正式发表时间。"", ""value"": ""2025-12""}",,legacy_unverified,,"[""topic:physics_constraints"", ""topic:uncertainty"", ""topic:plasma""]"
arxiv:2601.01829,paper,RealPDEBench: A Benchmark for Complex Physical Systems with Real-World Data,2601.01829,,"{""basis"": ""arxiv_id_month_inferred"", ""is_publication_date"": false, ""precision"": ""month"", ""source_ref"": ""metadata/papers.jsonl:172"", ""uncertainty"": ""由注册表arXiv编号推断提交年月；本次未逐篇核验编号与标题对应，不能代替正式发表时间。"", ""value"": ""2026-01""}",,legacy_unverified,,"[""topic:multiphysics_pretraining"", ""topic:data_evaluation"", ""topic:adaptation"", ""topic:theory""]"
arxiv:2601.02614,paper,GKFieldFlow: A Spatio-Temporal Neural Surrogate for Nonlinear Gyrokinetic Turbulence,2601.02614,,"{""basis"": ""arxiv_id_month_inferred"", ""is_publication_date"": false, ""precision"": ""month"", ""source_ref"": ""metadata/papers.jsonl:173"", ""uncertainty"": ""由注册表arXiv编号推断提交年月；本次未逐篇核验编号与标题对应，不能代替正式发表时间。"", ""value"": ""2026-01""}",,legacy_unverified,,"[""topic:physics_constraints"", ""topic:geometry"", ""topic:multiscale"", ""topic:long_time"", ""topic:plasma""]"
arxiv:2601.03086,paper,Pretrain finite element method: A pretraining and warm-start framework for PDEs via physics-informed neural operators,2601.03086,,"{""basis"": ""arxiv_id_month_inferred"", ""is_publication_date"": false, ""precision"": ""month"", ""source_ref"": ""metadata/papers.jsonl:174"", ""uncertainty"": ""由注册表arXiv编号推断提交年月；本次未逐篇核验编号与标题对应，不能代替正式发表时间。"", ""value"": ""2026-01""}",,legacy_unverified,,"[""topic:representation"", ""topic:operator_learning"", ""topic:multiphysics_pretraining"", ""topic:physics_constraints"", ""topic:geometry"", ""topic:data_evaluation"", ""topic:adaptation"", ""topic:hybrid_solvers"", ""topic:theory""]"
arxiv:2601.03613,paper,PhysicsFormer: An Efficient and Fast Attention-Based Physics Informed Neural Network for Solving Incompressible Navier-Stokes Equations（补录：2026年1月）,2601.03613,,"{""basis"": ""arxiv_id_month_inferred"", ""is_publication_date"": false, ""precision"": ""month"", ""source_ref"": ""metadata/papers.jsonl:175"", ""uncertainty"": ""由注册表arXiv编号推断提交年月；本次未逐篇核验编号与标题对应，不能代替正式发表时间。"", ""value"": ""2026-01""}",,legacy_unverified,,"[""topic:representation"", ""topic:physics_constraints"", ""topic:data_evaluation"", ""topic:transformers"", ""topic:efficiency""]"
arxiv:2601.05155,paper,Machine learning for radiative hydrodynamics in astrophysics,2601.05155,,"{""basis"": ""arxiv_id_month_inferred"", ""is_publication_date"": false, ""precision"": ""month"", ""source_ref"": ""metadata/papers.jsonl:176"", ""uncertainty"": ""由注册表arXiv编号推断提交年月；本次未逐篇核验编号与标题对应，不能代替正式发表时间。"", ""value"": ""2026-01""}",,legacy_unverified,,"[""topic:radiation_euv"", ""topic:efficiency""]"
arxiv:2601.07384,paper,CompNO: A Novel Foundation Model approach for solving Partial Differential Equations,2601.07384,,"{""basis"": ""arxiv_id_month_inferred"", ""is_publication_date"": false, ""precision"": ""month"", ""source_ref"": ""metadata/papers.jsonl:177"", ""uncertainty"": ""由注册表arXiv编号推断提交年月；本次未逐篇核验编号与标题对应，不能代替正式发表时间。"", ""value"": ""2026-01""}",,legacy_unverified,,"[""topic:operator_learning"", ""topic:multiphysics_pretraining"", ""topic:symbolic_conditioning"", ""topic:in_context"", ""topic:physics_constraints"", ""topic:data_evaluation"", ""topic:adaptation""]"
arxiv:2601.09143,paper,Discrete Solution Operator Learning for Geometry-Dependent PDEs,2601.09143,,"{""basis"": ""arxiv_id_month_inferred"", ""is_publication_date"": false, ""precision"": ""month"", ""source_ref"": ""metadata/papers.jsonl:178"", ""uncertainty"": ""由注册表arXiv编号推断提交年月；本次未逐篇核验编号与标题对应，不能代替正式发表时间。"", ""value"": ""2026-01""}",,legacy_unverified,,"[""topic:representation"", ""topic:operator_learning"", ""topic:physics_constraints"", ""topic:geometry"", ""topic:multiscale""]"
arxiv:2601.09979,paper,In-Context Operator Learning on the Space of Probability Measures,2601.09979,,"{""basis"": ""arxiv_id_month_inferred"", ""is_publication_date"": false, ""precision"": ""month"", ""source_ref"": ""metadata/papers.jsonl:179"", ""uncertainty"": ""由注册表arXiv编号推断提交年月；本次未逐篇核验编号与标题对应，不能代替正式发表时间。"", ""value"": ""2026-01""}",,legacy_unverified,,"[""topic:operator_learning"", ""topic:multiphysics_pretraining"", ""topic:in_context"", ""topic:adaptation"", ""topic:theory"", ""topic:scaling""]"
arxiv:2601.10885,paper,Learning collision operators from plasma phase space data using differentiable simulators,2601.10885,,"{""basis"": ""arxiv_id_month_inferred"", ""is_publication_date"": false, ""precision"": ""month"", ""source_ref"": ""metadata/papers.jsonl:180"", ""uncertainty"": ""由注册表arXiv编号推断提交年月；本次未逐篇核验编号与标题对应，不能代替正式发表时间。"", ""value"": ""2026-01""}",,legacy_unverified,,"[""topic:hybrid_solvers"", ""topic:plasma""]"
arxiv:2601.11428,paper,Forcing and Diagnosing Failure Modes of Fourier Neural Operators Across Diverse PDE Families,2601.11428,,"{""basis"": ""arxiv_id_month_inferred"", ""is_publication_date"": false, ""precision"": ""month"", ""source_ref"": ""metadata/papers.jsonl:181"", ""uncertainty"": ""由注册表arXiv编号推断提交年月；本次未逐篇核验编号与标题对应，不能代替正式发表时间。"", ""value"": ""2026-01""}",,legacy_unverified,,"[""topic:operator_learning"", ""topic:multiphysics_pretraining"", ""topic:physics_constraints"", ""topic:multiscale"", ""topic:long_time"", ""topic:data_evaluation""]"
arxiv:2601.12614,paper,Deterministic and Probabilistic Neural Surrogates of Global Hybrid-Vlasov Simulations,2601.12614,,"{""basis"": ""arxiv_id_month_inferred"", ""is_publication_date"": false, ""precision"": ""month"", ""source_ref"": ""metadata/papers.jsonl:182"", ""uncertainty"": ""由注册表arXiv编号推断提交年月；本次未逐篇核验编号与标题对应，不能代替正式发表时间。"", ""value"": ""2026-01""}",,legacy_unverified,,"[""topic:representation"", ""topic:geometry"", ""topic:uncertainty"", ""topic:hybrid_solvers"", ""topic:plasma"", ""topic:efficiency""]"
arxiv:2601.13377,paper,Learning time-dependent and integro-differential collision operators from plasma phase space data using differentiable simulators,2601.13377,,"{""basis"": ""arxiv_id_month_inferred"", ""is_publication_date"": false, ""precision"": ""month"", ""source_ref"": ""metadata/papers.jsonl:183"", ""uncertainty"": ""由注册表arXiv编号推断提交年月；本次未逐篇核验编号与标题对应，不能代替正式发表时间。"", ""value"": ""2026-01""}",,legacy_unverified,,"[""topic:operator_learning"", ""topic:hybrid_solvers"", ""topic:plasma""]"
arxiv:2601.14745,paper,Model-Driven Conditional Fourier Neural Operator for Spectrum-Consistent Synthetic Turbulence Generation,2601.14745,,"{""basis"": ""arxiv_id_month_inferred"", ""is_publication_date"": false, ""precision"": ""month"", ""source_ref"": ""metadata/papers.jsonl:184"", ""uncertainty"": ""由注册表arXiv编号推断提交年月；本次未逐篇核验编号与标题对应，不能代替正式发表时间。"", ""value"": ""2026-01""}",,legacy_unverified,,"[""topic:operator_learning"", ""topic:multiscale"", ""topic:adaptation""]"
arxiv:2601.15547,paper,Learning Neural Operators from Partial Observations via Latent Autoregressive Modeling,2601.15547,,"{""basis"": ""arxiv_id_month_inferred"", ""is_publication_date"": false, ""precision"": ""month"", ""source_ref"": ""metadata/papers.jsonl:185"", ""uncertainty"": ""由注册表arXiv编号推断提交年月；本次未逐篇核验编号与标题对应，不能代替正式发表时间。"", ""value"": ""2026-01""}",,legacy_unverified,,"[""topic:representation"", ""topic:operator_learning"", ""topic:long_time"", ""topic:data_evaluation""]"
arxiv:2601.19091,paper,Out-of-Distribution Generalization for Neural Physics Solvers（NOVA）,2601.19091,,"{""basis"": ""arxiv_id_month_inferred"", ""is_publication_date"": false, ""precision"": ""month"", ""source_ref"": ""metadata/papers.jsonl:186"", ""uncertainty"": ""由注册表arXiv编号推断提交年月；本次未逐篇核验编号与标题对应，不能代替正式发表时间。"", ""value"": ""2026-01""}",,legacy_unverified,,"[""topic:representation"", ""topic:multiphysics_pretraining"", ""topic:geometry"", ""topic:adaptation"", ""topic:efficiency""]"
arxiv:2601.20227,paper,ProFlow: Zero-Shot Physics-Consistent Sampling via Proximal Flow Guidance,2601.20227,,"{""basis"": ""arxiv_id_month_inferred"", ""is_publication_date"": false, ""precision"": ""month"", ""source_ref"": ""metadata/papers.jsonl:187"", ""uncertainty"": ""由注册表arXiv编号推断提交年月；本次未逐篇核验编号与标题对应，不能代替正式发表时间。"", ""value"": ""2026-01""}",,legacy_unverified,,"[""topic:multiphysics_pretraining"", ""topic:physics_constraints"", ""topic:adaptation"", ""topic:optimization""]"
arxiv:2601.21006,paper,A Joint Diffusion Approach to Multi-Modal Inference in Inertial Confinement Fusion,2601.21006,,"{""basis"": ""arxiv_id_month_inferred"", ""is_publication_date"": false, ""precision"": ""month"", ""source_ref"": ""metadata/papers.jsonl:188"", ""uncertainty"": ""由注册表arXiv编号推断提交年月；本次未逐篇核验编号与标题对应，不能代替正式发表时间。"", ""value"": ""2026-01""}",,legacy_unverified,,"[""topic:generative"", ""topic:data_evaluation"", ""topic:adaptation"", ""topic:efficiency""]"
arxiv:2601.23262,paper,Particle-Guided Diffusion Models for Partial Differential Equations,2601.23262,,"{""basis"": ""arxiv_id_month_inferred"", ""is_publication_date"": false, ""precision"": ""month"", ""source_ref"": ""metadata/papers.jsonl:189"", ""uncertainty"": ""由注册表arXiv编号推断提交年月；本次未逐篇核验编号与标题对应，不能代替正式发表时间。"", ""value"": ""2026-01""}",,legacy_unverified,,"[""topic:multiphysics_pretraining"", ""topic:physics_constraints"", ""topic:generative"", ""topic:uncertainty"", ""topic:data_evaluation"", ""topic:optimization"", ""topic:efficiency""]"
arxiv:2602.00884,paper,Test-time Generalization for Physics through Neural Operator Splitting,2602.00884,,"{""basis"": ""arxiv_id_month_inferred"", ""is_publication_date"": false, ""precision"": ""month"", ""source_ref"": ""metadata/papers.jsonl:190"", ""uncertainty"": ""由注册表arXiv编号推断提交年月；本次未逐篇核验编号与标题对应，不能代替正式发表时间。"", ""value"": ""2026-02""}",,legacy_unverified,,"[""topic:operator_learning"", ""topic:multiphysics_pretraining"", ""topic:adaptation"", ""topic:theory""]"
arxiv:2602.01498,paper,Geometric Generalization of Neural Operators from Kernel Integral Perspective,2602.01498,,"{""basis"": ""arxiv_id_month_inferred"", ""is_publication_date"": false, ""precision"": ""month"", ""source_ref"": ""metadata/papers.jsonl:191"", ""uncertainty"": ""由注册表arXiv编号推断提交年月；本次未逐篇核验编号与标题对应，不能代替正式发表时间。"", ""value"": ""2026-02""}",,legacy_unverified,,"[""topic:operator_learning"", ""topic:multiphysics_pretraining"", ""topic:geometry"", ""topic:multiscale"", ""topic:adaptation"", ""topic:theory""]"
arxiv:2602.02264,paper,Unsupervised Physics-Informed Operator Learning through Multi-Stage Curriculum Training,2602.02264,,"{""basis"": ""arxiv_id_month_inferred"", ""is_publication_date"": false, ""precision"": ""month"", ""source_ref"": ""metadata/papers.jsonl:192"", ""uncertainty"": ""由注册表arXiv编号推断提交年月；本次未逐篇核验编号与标题对应，不能代替正式发表时间。"", ""value"": ""2026-02""}",,legacy_unverified,,"[""topic:operator_learning"", ""topic:physics_constraints"", ""topic:multiscale"", ""topic:optimization""]"
arxiv:2602.02788,paper,Structure-Preserving Learning Improves Geometry Generalization in Neural PDEs,2602.02788,,"{""basis"": ""arxiv_id_month_inferred"", ""is_publication_date"": false, ""precision"": ""month"", ""source_ref"": ""metadata/papers.jsonl:193"", ""uncertainty"": ""由注册表arXiv编号推断提交年月；本次未逐篇核验编号与标题对应，不能代替正式发表时间。"", ""value"": ""2026-02""}",,legacy_unverified,,"[""topic:representation"", ""topic:physics_constraints"", ""topic:geometry"", ""topic:adaptation"", ""topic:transformers""]"
arxiv:2602.03627,paper,Ultra Fast PDE Solving via Physics Guided Few-step Diffusion (Phys-Instruct),2602.03627,,"{""basis"": ""arxiv_id_month_inferred"", ""is_publication_date"": false, ""precision"": ""month"", ""source_ref"": ""metadata/papers.jsonl:194"", ""uncertainty"": ""由注册表arXiv编号推断提交年月；本次未逐篇核验编号与标题对应，不能代替正式发表时间。"", ""value"": ""2026-02""}",,legacy_unverified,,"[""topic:representation"", ""topic:multiphysics_pretraining"", ""topic:data_evaluation"", ""topic:adaptation""]"
arxiv:2602.03915,paper,Phaedra: Learning High-Fidelity Discrete Tokenization for the Physical Sciences,2602.03915,,"{""basis"": ""arxiv_id_month_inferred"", ""is_publication_date"": false, ""precision"": ""month"", ""source_ref"": ""metadata/papers.jsonl:195"", ""uncertainty"": ""由注册表arXiv编号推断提交年月；本次未逐篇核验编号与标题对应，不能代替正式发表时间。"", ""value"": ""2026-02""}",,legacy_unverified,,"[""topic:representation"", ""topic:multiphysics_pretraining""]"
arxiv:2602.04287,paper,FI-Conv: Convolution Operator Network for Forward and Inverse Problems: Application to Plasma Turbulence Simulations,2602.04287,,"{""basis"": ""arxiv_id_month_inferred"", ""is_publication_date"": false, ""precision"": ""month"", ""source_ref"": ""metadata/papers.jsonl:196"", ""uncertainty"": ""由注册表arXiv编号推断提交年月；本次未逐篇核验编号与标题对应，不能代替正式发表时间。"", ""value"": ""2026-02""}",,legacy_unverified,,"[""topic:representation"", ""topic:operator_learning"", ""topic:multiscale"", ""topic:long_time"", ""topic:plasma"", ""topic:inverse_control""]"
arxiv:2602.04758,paper,Physics-Informed Neural Compression of High-Dimensional Plasma Data,2602.04758,,"{""basis"": ""arxiv_id_month_inferred"", ""is_publication_date"": false, ""precision"": ""month"", ""source_ref"": ""metadata/papers.jsonl:197"", ""uncertainty"": ""由注册表arXiv编号推断提交年月；本次未逐篇核验编号与标题对应，不能代替正式发表时间。"", ""value"": ""2026-02""}",,legacy_unverified,,"[""topic:representation"", ""topic:physics_constraints"", ""topic:multiscale"", ""topic:plasma"", ""topic:efficiency""]"
arxiv:2602.04940,paper,Transolver-3: Scaling Up Transformer Solvers to Industrial-Scale Geometries,2602.04940,,"{""basis"": ""arxiv_id_month_inferred"", ""is_publication_date"": false, ""precision"": ""month"", ""source_ref"": ""metadata/papers.jsonl:198"", ""uncertainty"": ""由注册表arXiv编号推断提交年月；本次未逐篇核验编号与标题对应，不能代替正式发表时间。"", ""value"": ""2026-02""}",,legacy_unverified,,"[""topic:representation"", ""topic:multiphysics_pretraining"", ""topic:geometry"", ""topic:data_evaluation"", ""topic:transformers"", ""topic:efficiency""]"
arxiv:2602.05187,paper,SpectraKAN: Conditioning Spectral Operators,2602.05187,,"{""basis"": ""arxiv_id_month_inferred"", ""is_publication_date"": false, ""precision"": ""month"", ""source_ref"": ""metadata/papers.jsonl:199"", ""uncertainty"": ""由注册表arXiv编号推断提交年月；本次未逐篇核验编号与标题对应，不能代替正式发表时间。"", ""value"": ""2026-02""}",,legacy_unverified,,"[""topic:representation"", ""topic:operator_learning"", ""topic:multiphysics_pretraining"", ""topic:geometry"", ""topic:multiscale"", ""topic:data_evaluation"", ""topic:theory"", ""topic:transformers""]"
arxiv:2602.06689,paper,Memory-Conditioned Flow-Matching for Stable Autoregressive PDE Rollouts,2602.06689,,"{""basis"": ""arxiv_id_month_inferred"", ""is_publication_date"": false, ""precision"": ""month"", ""source_ref"": ""metadata/papers.jsonl:200"", ""uncertainty"": ""由注册表arXiv编号推断提交年月；本次未逐篇核验编号与标题对应，不能代替正式发表时间。"", ""value"": ""2026-02""}",,legacy_unverified,,"[""topic:multiscale"", ""topic:long_time"", ""topic:generative"", ""topic:data_evaluation"", ""topic:hybrid_solvers"", ""topic:theory"", ""topic:efficiency""]"
arxiv:2602.09708,paper,Physics-Informed Diffusion Models in Spectral Space,2602.09708,,"{""basis"": ""arxiv_id_month_inferred"", ""is_publication_date"": false, ""precision"": ""month"", ""source_ref"": ""metadata/papers.jsonl:201"", ""uncertainty"": ""由注册表arXiv编号推断提交年月；本次未逐篇核验编号与标题对应，不能代替正式发表时间。"", ""value"": ""2026-02""}",,legacy_unverified,,"[""topic:representation"", ""topic:physics_constraints"", ""topic:multiscale"", ""topic:generative"", ""topic:inverse_control""]"
arxiv:2602.10150,paper,PEST: Physics-Enhanced Swin Transformer for 3D Turbulence Simulation,2602.10150,,"{""basis"": ""arxiv_id_month_inferred"", ""is_publication_date"": false, ""precision"": ""month"", ""source_ref"": ""metadata/papers.jsonl:202"", ""uncertainty"": ""由注册表arXiv编号推断提交年月；本次未逐篇核验编号与标题对应，不能代替正式发表时间。"", ""value"": ""2026-02""}",,legacy_unverified,,"[""topic:physics_constraints"", ""topic:multiscale"", ""topic:long_time"", ""topic:transformers""]"
arxiv:2602.11229,paper,Latent Generative Solvers for Generalizable Long-Term Physics Simulation,2602.11229,,"{""basis"": ""arxiv_id_month_inferred"", ""is_publication_date"": false, ""precision"": ""month"", ""source_ref"": ""metadata/papers.jsonl:203"", ""uncertainty"": ""由注册表arXiv编号推断提交年月；本次未逐篇核验编号与标题对应，不能代替正式发表时间。"", ""value"": ""2026-02""}",,legacy_unverified,,"[""topic:representation"", ""topic:multiphysics_pretraining"", ""topic:long_time"", ""topic:generative"", ""topic:uncertainty"", ""topic:adaptation"", ""topic:transformers""]"
arxiv:2602.12706,paper,Physics-Informed Laplace Neural Operator for Solving Partial Differential Equations,2602.12706,10.1016/j.jcp.2026.115291,"{""basis"": ""arxiv_id_month_inferred"", ""is_publication_date"": false, ""precision"": ""month"", ""source_ref"": ""metadata/papers.jsonl:204"", ""uncertainty"": ""由注册表arXiv编号推断提交年月；本次未逐篇核验编号与标题对应，不能代替正式发表时间。"", ""value"": ""2026-02""}",,legacy_unverified,,"[""topic:operator_learning"", ""topic:physics_constraints"", ""topic:adaptation""]"
arxiv:2602.13616,paper,DiffusionRollout: Uncertainty-Aware Rollout Planning in Long-Horizon PDE Solving,2602.13616,,"{""basis"": ""arxiv_id_month_inferred"", ""is_publication_date"": false, ""precision"": ""month"", ""source_ref"": ""metadata/papers.jsonl:205"", ""uncertainty"": ""由注册表arXiv编号推断提交年月；本次未逐篇核验编号与标题对应，不能代替正式发表时间。"", ""value"": ""2026-02""}",,legacy_unverified,,"[""topic:long_time"", ""topic:generative"", ""topic:uncertainty"", ""topic:data_evaluation""]"
arxiv:2602.14918,paper,Data-driven modeling of shock physics by physics-informed MeshGraphNets,2602.14918,,"{""basis"": ""arxiv_id_month_inferred"", ""is_publication_date"": false, ""precision"": ""month"", ""source_ref"": ""metadata/papers.jsonl:206"", ""uncertainty"": ""由注册表arXiv编号推断提交年月；本次未逐篇核验编号与标题对应，不能代替正式发表时间。"", ""value"": ""2026-02""}",,legacy_unverified,,"[""topic:representation"", ""topic:multiphysics_pretraining"", ""topic:physics_constraints"", ""topic:geometry"", ""topic:data_evaluation""]"
arxiv:2602.15004,paper,PDE foundation models are skillful AI weather emulators for the Martian atmosphere,2602.15004,,"{""basis"": ""arxiv_id_month_inferred"", ""is_publication_date"": false, ""precision"": ""month"", ""source_ref"": ""metadata/papers.jsonl:207"", ""uncertainty"": ""由注册表arXiv编号推断提交年月；本次未逐篇核验编号与标题对应，不能代替正式发表时间。"", ""value"": ""2026-02""}",,legacy_unverified,,"[""topic:multiphysics_pretraining"", ""topic:adaptation"", ""topic:efficiency""]"
arxiv:2602.15084,paper,TokaMind: A Multi-Modal Transformer Foundation Model for Tokamak Plasma Dynamics,2602.15084,,"{""basis"": ""arxiv_id_month_inferred"", ""is_publication_date"": false, ""precision"": ""month"", ""source_ref"": ""metadata/papers.jsonl:208"", ""uncertainty"": ""由注册表arXiv编号推断提交年月；本次未逐篇核验编号与标题对应，不能代替正式发表时间。"", ""value"": ""2026-02""}",,legacy_unverified,,"[""topic:multiphysics_pretraining"", ""topic:data_evaluation"", ""topic:adaptation"", ""topic:plasma"", ""topic:transformers""]"
arxiv:2602.15184,paper,Learning Data-Efficient and Generalizable Neural Operators via Fundamental Physics Knowledge（ICLR 2026）,2602.15184,,"{""basis"": ""arxiv_id_month_inferred"", ""is_publication_date"": false, ""precision"": ""month"", ""source_ref"": ""metadata/papers.jsonl:209"", ""uncertainty"": ""由注册表arXiv编号推断提交年月；本次未逐篇核验编号与标题对应，不能代替正式发表时间。"", ""value"": ""2026-02""}",,legacy_unverified,,"[""topic:operator_learning"", ""topic:multiphysics_pretraining"", ""topic:adaptation"", ""topic:efficiency""]"
arxiv:2602.15592,paper,Uni-Flow: A Unified Autoregressive-Diffusion Model for Complex Multiscale Flows,2602.15592,,"{""basis"": ""arxiv_id_month_inferred"", ""is_publication_date"": false, ""precision"": ""month"", ""source_ref"": ""metadata/papers.jsonl:210"", ""uncertainty"": ""由注册表arXiv编号推断提交年月；本次未逐篇核验编号与标题对应，不能代替正式发表时间。"", ""value"": ""2026-02""}",,legacy_unverified,,"[""topic:physics_constraints"", ""topic:multiscale"", ""topic:long_time"", ""topic:generative"", ""topic:data_evaluation""]"
arxiv:2602.15890,paper,Surrogate Modeling for Neutron Transport: A Neural Operator Approach,2602.15890,,"{""basis"": ""arxiv_id_month_inferred"", ""is_publication_date"": false, ""precision"": ""month"", ""source_ref"": ""metadata/papers.jsonl:211"", ""uncertainty"": ""由注册表arXiv编号推断提交年月；本次未逐篇核验编号与标题对应，不能代替正式发表时间。"", ""value"": ""2026-02""}",,legacy_unverified,,"[""topic:operator_learning"", ""topic:geometry""]"
arxiv:2602.18248,paper,Neural-HSS: Hierarchical Semi-Separable Neural PDE Solver,2602.18248,,"{""basis"": ""arxiv_id_month_inferred"", ""is_publication_date"": false, ""precision"": ""month"", ""source_ref"": ""metadata/papers.jsonl:212"", ""uncertainty"": ""由注册表arXiv编号推断提交年月；本次未逐篇核验编号与标题对应，不能代替正式发表时间。"", ""value"": ""2026-02""}",,legacy_unverified,,"[""topic:operator_learning"", ""topic:multiscale"", ""topic:theory""]"
arxiv:2602.18801,paper,SGNO: Spectral Generator Neural Operators for Stable Long Horizon PDE Rollouts,2602.18801,,"{""basis"": ""arxiv_id_month_inferred"", ""is_publication_date"": false, ""precision"": ""month"", ""source_ref"": ""metadata/papers.jsonl:213"", ""uncertainty"": ""由注册表arXiv编号推断提交年月；本次未逐篇核验编号与标题对应，不能代替正式发表时间。"", ""value"": ""2026-02""}",,legacy_unverified,,"[""topic:operator_learning"", ""topic:physics_constraints"", ""topic:multiscale"", ""topic:long_time"", ""topic:theory""]"
arxiv:2602.19110,paper,Machine learning prediction of plasma behavior from discharge configurations on WEST,2602.19110,,"{""basis"": ""arxiv_id_month_inferred"", ""is_publication_date"": false, ""precision"": ""month"", ""source_ref"": ""metadata/papers.jsonl:214"", ""uncertainty"": ""由注册表arXiv编号推断提交年月；本次未逐篇核验编号与标题对应，不能代替正式发表时间。"", ""value"": ""2026-02""}",,legacy_unverified,,"[""topic:uncertainty"", ""topic:plasma"", ""topic:transformers""]"
arxiv:2602.20234,paper,Quantum Simulations for Extreme Ultraviolet Photolithography,2602.20234,,"{""basis"": ""arxiv_id_month_inferred"", ""is_publication_date"": false, ""precision"": ""month"", ""source_ref"": ""metadata/papers.jsonl:215"", ""uncertainty"": ""由注册表arXiv编号推断提交年月；本次未逐篇核验编号与标题对应，不能代替正式发表时间。"", ""value"": ""2026-02""}",,legacy_unverified,,"[""topic:multiscale"", ""topic:efficiency""]"
arxiv:2602.20399,paper,GeoPT: Scaling Physics Simulation via Lifted Geometric Pre-Training,2602.20399,,"{""basis"": ""arxiv_id_month_inferred"", ""is_publication_date"": false, ""precision"": ""month"", ""source_ref"": ""metadata/papers.jsonl:216"", ""uncertainty"": ""由注册表arXiv编号推断提交年月；本次未逐篇核验编号与标题对应，不能代替正式发表时间。"", ""value"": ""2026-02""}",,legacy_unverified,,"[""topic:representation"", ""topic:multiphysics_pretraining"", ""topic:geometry"", ""topic:data_evaluation"", ""topic:adaptation"", ""topic:theory"", ""topic:efficiency""]"
arxiv:2602.22059,paper,NESTOR: A Nested MOE-based Neural Operator for Large-Scale PDE Pre-Training,2602.22059,,"{""basis"": ""arxiv_id_month_inferred"", ""is_publication_date"": false, ""precision"": ""month"", ""source_ref"": ""metadata/papers.jsonl:217"", ""uncertainty"": ""由注册表arXiv编号推断提交年月；本次未逐篇核验编号与标题对应，不能代替正式发表时间。"", ""value"": ""2026-02""}",,legacy_unverified,,"[""topic:representation"", ""topic:operator_learning"", ""topic:multiphysics_pretraining"", ""topic:data_evaluation"", ""topic:adaptation""]"
arxiv:2602.23113,paper,Learning Physical Operators using Neural Operators,2602.23113,,"{""basis"": ""arxiv_id_month_inferred"", ""is_publication_date"": false, ""precision"": ""month"", ""source_ref"": ""metadata/papers.jsonl:218"", ""uncertainty"": ""由注册表arXiv编号推断提交年月；本次未逐篇核验编号与标题对应，不能代替正式发表时间。"", ""value"": ""2026-02""}",,legacy_unverified,,"[""topic:operator_learning"", ""topic:adaptation"", ""topic:plasma""]"
arxiv:2603.01102,paper,Structure-Preserving Randomized Neural Networks for Incompressible Magnetohydrodynamics Equations,2603.01102,,"{""basis"": ""arxiv_id_month_inferred"", ""is_publication_date"": false, ""precision"": ""month"", ""source_ref"": ""metadata/papers.jsonl:219"", ""uncertainty"": ""由注册表arXiv编号推断提交年月；本次未逐篇核验编号与标题对应，不能代替正式发表时间。"", ""value"": ""2026-03""}",,legacy_unverified,,"[""topic:representation"", ""topic:plasma""]"
arxiv:2603.01406,paper,One Operator to Rule Them All? On Boundary-Indexed Operator Families in Neural PDE Solvers,2603.01406,,"{""basis"": ""arxiv_id_month_inferred"", ""is_publication_date"": false, ""precision"": ""month"", ""source_ref"": ""metadata/papers.jsonl:220"", ""uncertainty"": ""由注册表arXiv编号推断提交年月；本次未逐篇核验编号与标题对应，不能代替正式发表时间。"", ""value"": ""2026-03""}",,legacy_unverified,,"[""topic:operator_learning"", ""topic:multiphysics_pretraining"", ""topic:physics_constraints"", ""topic:adaptation"", ""topic:theory""]"
arxiv:2603.01459,paper,PhysFormer: A Physics-Embedded Generative Model for Physically Self-Consistent Spectral Synthesis,2603.01459,,"{""basis"": ""arxiv_id_month_inferred"", ""is_publication_date"": false, ""precision"": ""month"", ""source_ref"": ""metadata/papers.jsonl:221"", ""uncertainty"": ""由注册表arXiv编号推断提交年月；本次未逐篇核验编号与标题对应，不能代替正式发表时间。"", ""value"": ""2026-03""}",,legacy_unverified,,"[""topic:representation"", ""topic:physics_constraints"", ""topic:multiscale"", ""topic:generative"", ""topic:radiation_euv"", ""topic:transformers""]"
arxiv:2603.01762,paper,DGNet: Discrete Green Networks for Data-Efficient Learning of Spatiotemporal PDEs,2603.01762,,"{""basis"": ""arxiv_id_month_inferred"", ""is_publication_date"": false, ""precision"": ""month"", ""source_ref"": ""metadata/papers.jsonl:222"", ""uncertainty"": ""由注册表arXiv编号推断提交年月；本次未逐篇核验编号与标题对应，不能代替正式发表时间。"", ""value"": ""2026-03""}",,legacy_unverified,,"[""topic:representation"", ""topic:operator_learning"", ""topic:adaptation"", ""topic:efficiency""]"
arxiv:2603.03112,paper,From Complex Dynamics to DynFormer: Rethinking Transformers for PDEs,2603.03112,,"{""basis"": ""arxiv_id_month_inferred"", ""is_publication_date"": false, ""precision"": ""month"", ""source_ref"": ""metadata/papers.jsonl:223"", ""uncertainty"": ""由注册表arXiv编号推断提交年月；本次未逐篇核验编号与标题对应，不能代替正式发表时间。"", ""value"": ""2026-03""}",,legacy_unverified,,"[""topic:operator_learning"", ""topic:multiphysics_pretraining"", ""topic:data_evaluation"", ""topic:transformers""]"
arxiv:2603.04354,paper,Out-of-distribution transfer of PDE foundation models to material dynamics under extreme loading,2603.04354,,"{""basis"": ""arxiv_id_month_inferred"", ""is_publication_date"": false, ""precision"": ""month"", ""source_ref"": ""metadata/papers.jsonl:224"", ""uncertainty"": ""由注册表arXiv编号推断提交年月；本次未逐篇核验编号与标题对应，不能代替正式发表时间。"", ""value"": ""2026-03""}",,legacy_unverified,,"[""topic:multiphysics_pretraining"", ""topic:data_evaluation"", ""topic:adaptation"", ""topic:efficiency""]"
arxiv:2603.04606,paper,PDE foundation model-accelerated inverse estimation of system parameters in inertial confinement fusion,2603.04606,,"{""basis"": ""arxiv_id_month_inferred"", ""is_publication_date"": false, ""precision"": ""month"", ""source_ref"": ""metadata/papers.jsonl:225"", ""uncertainty"": ""由注册表arXiv编号推断提交年月；本次未逐篇核验编号与标题对应，不能代替正式发表时间。"", ""value"": ""2026-03""}",,legacy_unverified,,"[""topic:multiphysics_pretraining"", ""topic:data_evaluation"", ""topic:adaptation"", ""topic:inverse_control"", ""topic:efficiency""]"
arxiv:2603.05598,paper,On the Value of Tokeniser Pretraining in Physics Foundation Models,2603.05598,,"{""basis"": ""arxiv_id_month_inferred"", ""is_publication_date"": false, ""precision"": ""month"", ""source_ref"": ""metadata/papers.jsonl:226"", ""uncertainty"": ""由注册表arXiv编号推断提交年月；本次未逐篇核验编号与标题对应，不能代替正式发表时间。"", ""value"": ""2026-03""}",,legacy_unverified,,"[""topic:representation"", ""topic:multiphysics_pretraining"", ""topic:data_evaluation"", ""topic:efficiency""]"
arxiv:2603.05730,paper,Neural Operator Transformers Capture Bifurcating Drift Wave Turbulence in Fusion Plasma Simulations,2603.05730,,"{""basis"": ""arxiv_id_month_inferred"", ""is_publication_date"": false, ""precision"": ""month"", ""source_ref"": ""metadata/papers.jsonl:227"", ""uncertainty"": ""由注册表arXiv编号推断提交年月；本次未逐篇核验编号与标题对应，不能代替正式发表时间。"", ""value"": ""2026-03""}",,legacy_unverified,,"[""topic:operator_learning"", ""topic:adaptation"", ""topic:plasma"", ""topic:transformers""]"
arxiv:2603.07882,paper,LegONet: Plug-and-Play Structure-Preserving Neural Operator Blocks for Compositional PDE Learning,2603.07882,,"{""basis"": ""arxiv_id_month_inferred"", ""is_publication_date"": false, ""precision"": ""month"", ""source_ref"": ""metadata/papers.jsonl:228"", ""uncertainty"": ""由注册表arXiv编号推断提交年月；本次未逐篇核验编号与标题对应，不能代替正式发表时间。"", ""value"": ""2026-03""}",,legacy_unverified,,"[""topic:representation"", ""topic:operator_learning"", ""topic:multiphysics_pretraining"", ""topic:long_time"", ""topic:hybrid_solvers"", ""topic:theory""]"
arxiv:2603.10678,paper,Surrogate models for nuclear fusion with parametric Shallow Recurrent Decoder Networks: applications to magnetohydrodynamics,2603.10678,,"{""basis"": ""arxiv_id_month_inferred"", ""is_publication_date"": false, ""precision"": ""month"", ""source_ref"": ""metadata/papers.jsonl:229"", ""uncertainty"": ""由注册表arXiv编号推断提交年月；本次未逐篇核验编号与标题对应，不能代替正式发表时间。"", ""value"": ""2026-03""}",,legacy_unverified,,"[""topic:representation"", ""topic:data_evaluation"", ""topic:adaptation"", ""topic:plasma"", ""topic:efficiency""]"
arxiv:2603.11052,paper,Structure-Aware Epistemic Uncertainty Quantification for Neural Operator PDE Surrogates,2603.11052,,"{""basis"": ""arxiv_id_month_inferred"", ""is_publication_date"": false, ""precision"": ""month"", ""source_ref"": ""metadata/papers.jsonl:230"", ""uncertainty"": ""由注册表arXiv编号推断提交年月；本次未逐篇核验编号与标题对应，不能代替正式发表时间。"", ""value"": ""2026-03""}",,legacy_unverified,,"[""topic:operator_learning"", ""topic:physics_constraints"", ""topic:uncertainty""]"
arxiv:2603.11231,paper,Differentiable Programming for Plasma Physics: From Diagnostics to Discovery and Design,2603.11231,,"{""basis"": ""arxiv_id_month_inferred"", ""is_publication_date"": false, ""precision"": ""month"", ""source_ref"": ""metadata/papers.jsonl:231"", ""uncertainty"": ""由注册表arXiv编号推断提交年月；本次未逐篇核验编号与标题对应，不能代替正式发表时间。"", ""value"": ""2026-03""}",,legacy_unverified,,"[""topic:plasma"", ""topic:radiation_euv"", ""topic:efficiency""]"
arxiv:2603.12503,paper,Physics-Guided Inverse Design of Optical Waveforms for Nonlinear Electromagnetic Dynamics,2603.12503,,"{""basis"": ""arxiv_id_month_inferred"", ""is_publication_date"": false, ""precision"": ""month"", ""source_ref"": ""metadata/papers.jsonl:232"", ""uncertainty"": ""由注册表arXiv编号推断提交年月；本次未逐篇核验编号与标题对应，不能代替正式发表时间。"", ""value"": ""2026-03""}",,legacy_unverified,,"[""topic:radiation_euv"", ""topic:theory"", ""topic:inverse_control""]"
arxiv:2603.12725,paper,Graph In-Context Operator Networks for Generalizable Spatiotemporal Prediction,2603.12725,,"{""basis"": ""arxiv_id_month_inferred"", ""is_publication_date"": false, ""precision"": ""month"", ""source_ref"": ""metadata/papers.jsonl:233"", ""uncertainty"": ""由注册表arXiv编号推断提交年月；本次未逐篇核验编号与标题对应，不能代替正式发表时间。"", ""value"": ""2026-03""}",,legacy_unverified,,"[""topic:representation"", ""topic:operator_learning"", ""topic:multiphysics_pretraining"", ""topic:in_context"", ""topic:geometry"", ""topic:adaptation"", ""topic:transformers""]"
arxiv:2603.12834,paper,Physics-Constrained Diffusion Model for Synthesis of 3D Turbulent Data,2603.12834,,"{""basis"": ""arxiv_id_month_inferred"", ""is_publication_date"": false, ""precision"": ""month"", ""source_ref"": ""metadata/papers.jsonl:234"", ""uncertainty"": ""由注册表arXiv编号推断提交年月；本次未逐篇核验编号与标题对应，不能代替正式发表时间。"", ""value"": ""2026-03""}",,legacy_unverified,,"[""topic:representation"", ""topic:physics_constraints"", ""topic:generative"", ""topic:data_evaluation""]"
arxiv:2603.14734,paper,Gauge-Equivariant Intrinsic Neural Operators for Geometry-Consistent Learning of Elliptic PDE Maps,2603.14734,,"{""basis"": ""arxiv_id_month_inferred"", ""is_publication_date"": false, ""precision"": ""month"", ""source_ref"": ""metadata/papers.jsonl:235"", ""uncertainty"": ""由注册表arXiv编号推断提交年月；本次未逐篇核验编号与标题对应，不能代替正式发表时间。"", ""value"": ""2026-03""}",,legacy_unverified,,"[""topic:operator_learning"", ""topic:geometry"", ""topic:adaptation"", ""topic:theory""]"
arxiv:2603.15431,paper,Physics-Informed Fine-Tuning of Foundation Models for Partial Differential Equations,2603.15431,,"{""basis"": ""arxiv_id_month_inferred"", ""is_publication_date"": false, ""precision"": ""month"", ""source_ref"": ""metadata/papers.jsonl:236"", ""uncertainty"": ""由注册表arXiv编号推断提交年月；本次未逐篇核验编号与标题对应，不能代替正式发表时间。"", ""value"": ""2026-03""}",,legacy_unverified,,"[""topic:multiphysics_pretraining"", ""topic:physics_constraints"", ""topic:adaptation""]"
arxiv:2603.15584,paper,Physics-Informed Neural Systems for the Simulation of EUV Electromagnetic Wave Diffraction from a Lithography Mask,2603.15584,,"{""basis"": ""arxiv_id_month_inferred"", ""is_publication_date"": false, ""precision"": ""month"", ""source_ref"": ""metadata/papers.jsonl:237"", ""uncertainty"": ""由注册表arXiv编号推断提交年月；本次未逐篇核验编号与标题对应，不能代替正式发表时间。"", ""value"": ""2026-03""}",,legacy_unverified,,"[""topic:operator_learning"", ""topic:physics_constraints"", ""topic:radiation_euv""]"
arxiv:2603.21271,paper,PICS: A Partition-of-unity Information-geometric Certified Solver for Coupled Partial Differential Equations,2603.21271,,"{""basis"": ""arxiv_id_month_inferred"", ""is_publication_date"": false, ""precision"": ""month"", ""source_ref"": ""metadata/papers.jsonl:238"", ""uncertainty"": ""由注册表arXiv编号推断提交年月；本次未逐篇核验编号与标题对应，不能代替正式发表时间。"", ""value"": ""2026-03""}",,legacy_unverified,,"[""topic:representation"", ""topic:multiphysics_pretraining"", ""topic:geometry""]"
arxiv:2603.21534,paper,Generalization Limits of In-Context Operator Networks for Higher-Order Partial Differential Equations,2603.21534,,"{""basis"": ""arxiv_id_month_inferred"", ""is_publication_date"": false, ""precision"": ""month"", ""source_ref"": ""metadata/papers.jsonl:239"", ""uncertainty"": ""由注册表arXiv编号推断提交年月；本次未逐篇核验编号与标题对应，不能代替正式发表时间。"", ""value"": ""2026-03""}",,legacy_unverified,,"[""topic:operator_learning"", ""topic:multiphysics_pretraining"", ""topic:in_context"", ""topic:adaptation""]"
arxiv:2603.22309,paper,UniFluids: Unified Neural Operator Learning with Conditional Flow-matching,2603.22309,,"{""basis"": ""arxiv_id_month_inferred"", ""is_publication_date"": false, ""precision"": ""month"", ""source_ref"": ""metadata/papers.jsonl:240"", ""uncertainty"": ""由注册表arXiv编号推断提交年月；本次未逐篇核验编号与标题对应，不能代替正式发表时间。"", ""value"": ""2026-03""}",,legacy_unverified,,"[""topic:representation"", ""topic:operator_learning"", ""topic:multiphysics_pretraining"", ""topic:symbolic_conditioning"", ""topic:long_time"", ""topic:generative"", ""topic:data_evaluation"", ""topic:adaptation"", ""topic:transformers""]"
arxiv:2603.22951,paper,Weak-PDE-Net: Discovering Open-Form PDEs via Differentiable Symbolic Networks and Weak Formulation,2603.22951,,"{""basis"": ""arxiv_id_month_inferred"", ""is_publication_date"": false, ""precision"": ""month"", ""source_ref"": ""metadata/papers.jsonl:241"", ""uncertainty"": ""由注册表arXiv编号推断提交年月；本次未逐篇核验编号与标题对应，不能代替正式发表时间。"", ""value"": ""2026-03""}",,legacy_unverified,,"[""topic:symbolic_conditioning"", ""topic:hybrid_solvers"", ""topic:efficiency""]"
arxiv:2603.23901,paper,Deep Kinetic JKO schemes for Vlasov-Fokker-Planck Equations,2603.23901,,"{""basis"": ""arxiv_id_month_inferred"", ""is_publication_date"": false, ""precision"": ""month"", ""source_ref"": ""metadata/papers.jsonl:242"", ""uncertainty"": ""由注册表arXiv编号推断提交年月；本次未逐篇核验编号与标题对应，不能代替正式发表时间。"", ""value"": ""2026-03""}",,legacy_unverified,,"[""topic:physics_constraints"", ""topic:plasma""]"
arxiv:2603.24143,paper,Linear-Nonlinear Fusion Neural Operator for Partial Differential Equations,2603.24143,,"{""basis"": ""arxiv_id_month_inferred"", ""is_publication_date"": false, ""precision"": ""month"", ""source_ref"": ""metadata/papers.jsonl:243"", ""uncertainty"": ""由注册表arXiv编号推断提交年月；本次未逐篇核验编号与标题对应，不能代替正式发表时间。"", ""value"": ""2026-03""}",,legacy_unverified,,"[""topic:representation"", ""topic:operator_learning"", ""topic:multiphysics_pretraining"", ""topic:geometry"", ""topic:data_evaluation"", ""topic:efficiency""]"
arxiv:2603.25066,paper,Neural Operator Quantum State: A Foundation Model for Quantum Dynamics,2603.25066,,"{""basis"": ""arxiv_id_month_inferred"", ""is_publication_date"": false, ""precision"": ""month"", ""source_ref"": ""metadata/papers.jsonl:244"", ""uncertainty"": ""由注册表arXiv编号推断提交年月；本次未逐篇核验编号与标题对应，不能代替正式发表时间。"", ""value"": ""2026-03""}",,legacy_unverified,,"[""topic:representation"", ""topic:operator_learning"", ""topic:multiphysics_pretraining"", ""topic:adaptation"", ""topic:efficiency""]"
arxiv:2603.25832,paper,A Neural Score-Based Particle Method for the Vlasov-Maxwell-Landau System,2603.25832,,"{""basis"": ""arxiv_id_month_inferred"", ""is_publication_date"": false, ""precision"": ""month"", ""source_ref"": ""metadata/papers.jsonl:245"", ""uncertainty"": ""由注册表arXiv编号推断提交年月；本次未逐篇核验编号与标题对应，不能代替正式发表时间。"", ""value"": ""2026-03""}",,legacy_unverified,,"[""topic:representation"", ""topic:geometry"", ""topic:long_time"", ""topic:data_evaluation"", ""topic:plasma"", ""topic:efficiency""]"
arxiv:2603.27828,paper,From molecular dynamics to kinetic models: data-driven generalized collision operators in 1D3V plasmas,2603.27828,,"{""basis"": ""arxiv_id_month_inferred"", ""is_publication_date"": false, ""precision"": ""month"", ""source_ref"": ""metadata/papers.jsonl:246"", ""uncertainty"": ""由注册表arXiv编号推断提交年月；本次未逐篇核验编号与标题对应，不能代替正式发表时间。"", ""value"": ""2026-03""}",,legacy_unverified,,"[""topic:representation"", ""topic:adaptation"", ""topic:hybrid_solvers"", ""topic:plasma"", ""topic:efficiency""]"
arxiv:2604.00781,paper,Real-time virtual circuits for plasma shape control via neural network surrogates: dynamic validation in closed-loop simulations,2604.00781,,"{""basis"": ""arxiv_id_month_inferred"", ""is_publication_date"": false, ""precision"": ""month"", ""source_ref"": ""metadata/papers.jsonl:247"", ""uncertainty"": ""由注册表arXiv编号推断提交年月；本次未逐篇核验编号与标题对应，不能代替正式发表时间。"", ""value"": ""2026-04""}",,legacy_unverified,,"[""topic:plasma""]"
arxiv:2604.01349,paper,PI-JEPA: Closing the Data Asymmetry in Subsurface Surrogate Modeling via Label-Free Pretraining,2604.01349,,"{""basis"": ""arxiv_id_month_inferred"", ""is_publication_date"": false, ""precision"": ""month"", ""source_ref"": ""metadata/papers.jsonl:248"", ""uncertainty"": ""由注册表arXiv编号推断提交年月；本次未逐篇核验编号与标题对应，不能代替正式发表时间。"", ""value"": ""2026-04""}",,legacy_unverified,,"[""topic:representation"", ""topic:operator_learning"", ""topic:multiphysics_pretraining"", ""topic:physics_constraints"", ""topic:adaptation""]"
arxiv:2604.01961,paper,Generalization Bounds and Statistical Guarantees for Multi-Task and Multiple Operator Learning with MNO Networks,2604.01961,,"{""basis"": ""arxiv_id_month_inferred"", ""is_publication_date"": false, ""precision"": ""month"", ""source_ref"": ""metadata/papers.jsonl:249"", ""uncertainty"": ""由注册表arXiv编号推断提交年月；本次未逐篇核验编号与标题对应，不能代替正式发表时间。"", ""value"": ""2026-04""}",,legacy_unverified,,"[""topic:operator_learning"", ""topic:multiphysics_pretraining"", ""topic:adaptation"", ""topic:theory""]"
arxiv:2604.03439,paper,Resolution-Independent Machine Learning Heat Flux Closure for ICF Plasmas,2604.03439,,"{""basis"": ""arxiv_id_month_inferred"", ""is_publication_date"": false, ""precision"": ""month"", ""source_ref"": ""metadata/papers.jsonl:250"", ""uncertainty"": ""由注册表arXiv编号推断提交年月；本次未逐篇核验编号与标题对应，不能代替正式发表时间。"", ""value"": ""2026-04""}",,legacy_unverified,,"[""topic:representation"", ""topic:operator_learning"", ""topic:geometry"", ""topic:multiscale"", ""topic:adaptation"", ""topic:hybrid_solvers"", ""topic:plasma"", ""topic:radiation_euv""]"
arxiv:2604.04061,paper,A Geometry-Aware Operator Learning Framework for Interface Problems on Varying Domains,2604.04061,,"{""basis"": ""arxiv_id_month_inferred"", ""is_publication_date"": false, ""precision"": ""month"", ""source_ref"": ""metadata/papers.jsonl:251"", ""uncertainty"": ""由注册表arXiv编号推断提交年月；本次未逐篇核验编号与标题对应，不能代替正式发表时间。"", ""value"": ""2026-04""}",,legacy_unverified,,"[""topic:representation"", ""topic:operator_learning"", ""topic:geometry"", ""topic:theory""]"
arxiv:2604.04828,paper,Hybrid Fourier Neural Operator for Surrogate Modeling of Laser Processing with a Quantum-Circuit Mixer,2604.04828,,"{""basis"": ""arxiv_id_month_inferred"", ""is_publication_date"": false, ""precision"": ""month"", ""source_ref"": ""metadata/papers.jsonl:252"", ""uncertainty"": ""由注册表arXiv编号推断提交年月；本次未逐篇核验编号与标题对应，不能代替正式发表时间。"", ""value"": ""2026-04""}",,legacy_unverified,,"[""topic:operator_learning"", ""topic:multiphysics_pretraining"", ""topic:multiscale"", ""topic:hybrid_solvers"", ""topic:radiation_euv""]"
arxiv:2604.04971,paper,A Theory-guided Weighted L² Loss for solving the BGK model via Physics-informed neural networks,2604.04971,,"{""basis"": ""arxiv_id_month_inferred"", ""is_publication_date"": false, ""precision"": ""month"", ""source_ref"": ""metadata/papers.jsonl:253"", ""uncertainty"": ""由注册表arXiv编号推断提交年月；本次未逐篇核验编号与标题对应，不能代替正式发表时间。"", ""value"": ""2026-04""}",,legacy_unverified,,"[""topic:physics_constraints"", ""topic:long_time"", ""topic:data_evaluation"", ""topic:theory""]"
arxiv:2604.05187,paper,FNO∠θ: Extended Fourier Neural Operator for Learning State and Optimal Control of Distributed Parameter Systems,2604.05187,,"{""basis"": ""arxiv_id_month_inferred"", ""is_publication_date"": false, ""precision"": ""month"", ""source_ref"": ""metadata/papers.jsonl:254"", ""uncertainty"": ""由注册表arXiv编号推断提交年月；本次未逐篇核验编号与标题对应，不能代替正式发表时间。"", ""value"": ""2026-04""}",,legacy_unverified,,"[""topic:representation"", ""topic:operator_learning"", ""topic:multiscale"", ""topic:inverse_control""]"
arxiv:2604.05652,paper,Multiscale Physics-Informed Neural Network for Complex Fluid Flows with Long-Range Dependencies,2604.05652,,"{""basis"": ""arxiv_id_month_inferred"", ""is_publication_date"": false, ""precision"": ""month"", ""source_ref"": ""metadata/papers.jsonl:255"", ""uncertainty"": ""由注册表arXiv编号推断提交年月；本次未逐篇核验编号与标题对应，不能代替正式发表时间。"", ""value"": ""2026-04""}",,legacy_unverified,,"[""topic:physics_constraints"", ""topic:multiscale""]"
arxiv:2604.06001,paper,A deep learning framework for jointly solving transient Fokker-Planck equations with arbitrary parameters and initial distributions,2604.06001,,"{""basis"": ""arxiv_id_month_inferred"", ""is_publication_date"": false, ""precision"": ""month"", ""source_ref"": ""metadata/papers.jsonl:256"", ""uncertainty"": ""由注册表arXiv编号推断提交年月；本次未逐篇核验编号与标题对应，不能代替正式发表时间。"", ""value"": ""2026-04""}",,legacy_unverified,,"[""topic:representation"", ""topic:efficiency""]"
arxiv:2604.06881,paper,MENO: MeanFlow-Enhanced Neural Operators for Dynamical Systems,2604.06881,,"{""basis"": ""arxiv_id_month_inferred"", ""is_publication_date"": false, ""precision"": ""month"", ""source_ref"": ""metadata/papers.jsonl:257"", ""uncertainty"": ""由注册表arXiv编号推断提交年月；本次未逐篇核验编号与标题对应，不能代替正式发表时间。"", ""value"": ""2026-04""}",,legacy_unverified,,"[""topic:operator_learning"", ""topic:multiscale"", ""topic:generative"", ""topic:efficiency""]"
arxiv:2604.07366,paper,Flow Learners for PDEs: Toward a Physics-to-Physics Paradigm for Scientific Computing,2604.07366,,"{""basis"": ""arxiv_id_month_inferred"", ""is_publication_date"": false, ""precision"": ""month"", ""source_ref"": ""metadata/papers.jsonl:258"", ""uncertainty"": ""由注册表arXiv编号推断提交年月；本次未逐篇核验编号与标题对应，不能代替正式发表时间。"", ""value"": ""2026-04""}",,legacy_unverified,,"[""topic:physics_constraints"", ""topic:generative"", ""topic:uncertainty""]"
arxiv:2604.08076,paper,φ-DeepONet: A Discontinuity Capturing Neural Operator,2604.08076,,"{""basis"": ""arxiv_id_month_inferred"", ""is_publication_date"": false, ""precision"": ""month"", ""source_ref"": ""metadata/papers.jsonl:259"", ""uncertainty"": ""由注册表arXiv编号推断提交年月；本次未逐篇核验编号与标题对应，不能代替正式发表时间。"", ""value"": ""2026-04""}",,legacy_unverified,,"[""topic:representation"", ""topic:operator_learning"", ""topic:physics_constraints"", ""topic:data_evaluation""]"
arxiv:2604.08763,paper,Weak Adversarial Neural Pushforward Method for the Wigner Transport Equation,2604.08763,,"{""basis"": ""arxiv_id_month_inferred"", ""is_publication_date"": false, ""precision"": ""month"", ""source_ref"": ""metadata/papers.jsonl:260"", ""uncertainty"": ""由注册表arXiv编号推断提交年月；本次未逐篇核验编号与标题对应，不能代替正式发表时间。"", ""value"": ""2026-04""}",,legacy_unverified,,"[""topic:symbolic_conditioning""]"
arxiv:2604.11625,paper,SCNO: Spiking Compositional Neural Operator — Towards a Neuromorphic Foundation Model for Nuclear PDE Solving,2604.11625,,"{""basis"": ""arxiv_id_month_inferred"", ""is_publication_date"": false, ""precision"": ""month"", ""source_ref"": ""metadata/papers.jsonl:261"", ""uncertainty"": ""由注册表arXiv编号推断提交年月；本次未逐篇核验编号与标题对应，不能代替正式发表时间。"", ""value"": ""2026-04""}",,legacy_unverified,,"[""topic:operator_learning"", ""topic:multiphysics_pretraining"", ""topic:physics_constraints"", ""topic:hybrid_solvers""]"
arxiv:2604.11829,paper,Learning on the Temporal Tangent Bundle for Physics-Informed Neural Networks,2604.11829,,"{""basis"": ""arxiv_id_month_inferred"", ""is_publication_date"": false, ""precision"": ""month"", ""source_ref"": ""metadata/papers.jsonl:262"", ""uncertainty"": ""由注册表arXiv编号推断提交年月；本次未逐篇核验编号与标题对应，不能代替正式发表时间。"", ""value"": ""2026-04""}",,legacy_unverified,,"[""topic:physics_constraints"", ""topic:multiscale"", ""topic:theory""]"
arxiv:2604.12794,paper,Stable Fine-Time-Step Long-Horizon Turbulence Prediction with a Multi-Stepsize Mixture-of-Experts Neural Operator,2604.12794,,"{""basis"": ""arxiv_id_month_inferred"", ""is_publication_date"": false, ""precision"": ""month"", ""source_ref"": ""metadata/papers.jsonl:263"", ""uncertainty"": ""由注册表arXiv编号推断提交年月；本次未逐篇核验编号与标题对应，不能代替正式发表时间。"", ""value"": ""2026-04""}",,legacy_unverified,,"[""topic:operator_learning"", ""topic:long_time"", ""topic:transformers""]"
arxiv:2604.13447,paper,"A Data-Free, Physics-Informed Surrogate Solver for Drift Kinetic Equation: Enabling Fast Neoclassical Toroidal Viscosity Torque Modeling in Tokamaks",2604.13447,,"{""basis"": ""arxiv_id_month_inferred"", ""is_publication_date"": false, ""precision"": ""month"", ""source_ref"": ""metadata/papers.jsonl:264"", ""uncertainty"": ""由注册表arXiv编号推断提交年月；本次未逐篇核验编号与标题对应，不能代替正式发表时间。"", ""value"": ""2026-04""}",,legacy_unverified,,"[""topic:physics_constraints"", ""topic:geometry"", ""topic:plasma""]"
arxiv:2604.13723,paper,Physics-Informed Neural Networks for Solving Derivative-Constrained PDEs,2604.13723,,"{""basis"": ""arxiv_id_month_inferred"", ""is_publication_date"": false, ""precision"": ""month"", ""source_ref"": ""metadata/papers.jsonl:265"", ""uncertainty"": ""由注册表arXiv编号推断提交年月；本次未逐篇核验编号与标题对应，不能代替正式发表时间。"", ""value"": ""2026-04""}",,legacy_unverified,,"[""topic:representation"", ""topic:physics_constraints"", ""topic:geometry"", ""topic:data_evaluation"", ""topic:optimization""]"
arxiv:2604.13830,paper,Randomized Neural Networks for Integro-Differential Equations with Application to Neutron Transport,2604.13830,,"{""basis"": ""arxiv_id_month_inferred"", ""is_publication_date"": false, ""precision"": ""month"", ""source_ref"": ""metadata/papers.jsonl:266"", ""uncertainty"": ""由注册表arXiv编号推断提交年月；本次未逐篇核验编号与标题对应，不能代替正式发表时间。"", ""value"": ""2026-04""}",,legacy_unverified,,"[""topic:representation"", ""topic:physics_constraints"", ""topic:geometry"", ""topic:radiation_euv""]"
arxiv:2604.13919,paper,Nested Fourier-Enhanced Neural Operator for Efficient Modeling of Radiation Transfer in Fires,2604.13919,,"{""basis"": ""arxiv_id_month_inferred"", ""is_publication_date"": false, ""precision"": ""month"", ""source_ref"": ""metadata/papers.jsonl:267"", ""uncertainty"": ""由注册表arXiv编号推断提交年月；本次未逐篇核验编号与标题对应，不能代替正式发表时间。"", ""value"": ""2026-04""}",,legacy_unverified,,"[""topic:representation"", ""topic:operator_learning"", ""topic:geometry"", ""topic:multiscale"", ""topic:adaptation"", ""topic:radiation_euv"", ""topic:efficiency""]"
arxiv:2604.15617,paper,A Structure-Preserving Graph Neural Solver for Parametric Hyperbolic Conservation Laws,2604.15617,,"{""basis"": ""arxiv_id_month_inferred"", ""is_publication_date"": false, ""precision"": ""month"", ""source_ref"": ""metadata/papers.jsonl:268"", ""uncertainty"": ""由注册表arXiv编号推断提交年月；本次未逐篇核验编号与标题对应，不能代替正式发表时间。"", ""value"": ""2026-04""}",,legacy_unverified,,"[""topic:physics_constraints"", ""topic:long_time"", ""topic:adaptation""]"
arxiv:2604.16664,paper,Physics-Informed Latent Space Dynamics Identification for Time-Dependent NLTE Atomic Kinetics,2604.16664,,"{""basis"": ""arxiv_id_month_inferred"", ""is_publication_date"": false, ""precision"": ""month"", ""source_ref"": ""metadata/papers.jsonl:269"", ""uncertainty"": ""由注册表arXiv编号推断提交年月；本次未逐篇核验编号与标题对应，不能代替正式发表时间。"", ""value"": ""2026-04""}",,legacy_unverified,,"[""topic:representation"", ""topic:physics_constraints"", ""topic:long_time"", ""topic:plasma"", ""topic:radiation_euv"", ""topic:theory"", ""topic:inverse_control""]"
arxiv:2604.16721,paper,Late Fusion Neural Operators for Extrapolation Across Parameter Space in Partial Differential Equations,2604.16721,,"{""basis"": ""arxiv_id_month_inferred"", ""is_publication_date"": false, ""precision"": ""month"", ""source_ref"": ""metadata/papers.jsonl:270"", ""uncertainty"": ""由注册表arXiv编号推断提交年月；本次未逐篇核验编号与标题对应，不能代替正式发表时间。"", ""value"": ""2026-04""}",,legacy_unverified,,"[""topic:operator_learning"", ""topic:data_evaluation"", ""topic:adaptation"", ""topic:efficiency""]"
arxiv:2604.17149,paper,FlowRefiner: Flow Matching-Based Iterative Refinement for 3D Turbulent Flow Simulation,2604.17149,,"{""basis"": ""arxiv_id_month_inferred"", ""is_publication_date"": false, ""precision"": ""month"", ""source_ref"": ""metadata/papers.jsonl:271"", ""uncertainty"": ""由注册表arXiv编号推断提交年月；本次未逐篇核验编号与标题对应，不能代替正式发表时间。"", ""value"": ""2026-04""}",,legacy_unverified,,"[""topic:multiscale"", ""topic:long_time"", ""topic:generative""]"
arxiv:2604.17425,paper,Neural Adjoint Method for Meta-optics: Accelerating Volumetric Inverse Design via Fourier Neural Operators,2604.17425,,"{""basis"": ""arxiv_id_month_inferred"", ""is_publication_date"": false, ""precision"": ""month"", ""source_ref"": ""metadata/papers.jsonl:272"", ""uncertainty"": ""由注册表arXiv编号推断提交年月；本次未逐篇核验编号与标题对应，不能代替正式发表时间。"", ""value"": ""2026-04""}",,legacy_unverified,,"[""topic:representation"", ""topic:operator_learning"", ""topic:physics_constraints"", ""topic:multiscale"", ""topic:inverse_control"", ""topic:efficiency""]"
arxiv:2604.18221,paper,Autoregressive prediction of 2D MHD dynamics inferred from deep learning modeling,2604.18221,,"{""basis"": ""arxiv_id_month_inferred"", ""is_publication_date"": false, ""precision"": ""month"", ""source_ref"": ""metadata/papers.jsonl:273"", ""uncertainty"": ""由注册表arXiv编号推断提交年月；本次未逐篇核验编号与标题对应，不能代替正式发表时间。"", ""value"": ""2026-04""}",,legacy_unverified,,"[""topic:physics_constraints"", ""topic:multiscale"", ""topic:long_time"", ""topic:transformers""]"
arxiv:2604.18506,paper,Physics-Informed Neural Networks for Maximizing Quantum Fisher Information in Time-Dependent Many-Body Systems,2604.18506,,"{""basis"": ""arxiv_id_month_inferred"", ""is_publication_date"": false, ""precision"": ""month"", ""source_ref"": ""metadata/papers.jsonl:274"", ""uncertainty"": ""由注册表arXiv编号推断提交年月；本次未逐篇核验编号与标题对应，不能代替正式发表时间。"", ""value"": ""2026-04""}",,legacy_unverified,,"[""topic:physics_constraints""]"
arxiv:2604.19223,paper,Deep-Learning based surrogate models for plasma exhaust simulations -- SOLPS-NN,2604.19223,,"{""basis"": ""arxiv_id_month_inferred"", ""is_publication_date"": false, ""precision"": ""month"", ""source_ref"": ""metadata/papers.jsonl:275"", ""uncertainty"": ""由注册表arXiv编号推断提交年月；本次未逐篇核验编号与标题对应，不能代替正式发表时间。"", ""value"": ""2026-04""}",,legacy_unverified,,"[""topic:data_evaluation"", ""topic:plasma""]"
arxiv:2604.19465,paper,A Neural Operator Framework for Data-Driven Discovery of Stability and Receptivity in Physical Systems,2604.19465,,"{""basis"": ""arxiv_id_month_inferred"", ""is_publication_date"": false, ""precision"": ""month"", ""source_ref"": ""metadata/papers.jsonl:276"", ""uncertainty"": ""由注册表arXiv编号推断提交年月；本次未逐篇核验编号与标题对应，不能代替正式发表时间。"", ""value"": ""2026-04""}",,legacy_unverified,,"[""topic:operator_learning"", ""topic:long_time""]"
arxiv:2604.19843,paper,Mapping-based Hard-constrained Physics-Informed Neural Networks for Unbounded Wave Problems,2604.19843,,"{""basis"": ""arxiv_id_month_inferred"", ""is_publication_date"": false, ""precision"": ""month"", ""source_ref"": ""metadata/papers.jsonl:277"", ""uncertainty"": ""由注册表arXiv编号推断提交年月；本次未逐篇核验编号与标题对应，不能代替正式发表时间。"", ""value"": ""2026-04""}",,legacy_unverified,,"[""topic:representation"", ""topic:physics_constraints"", ""topic:radiation_euv"", ""topic:theory""]"
arxiv:2604.20061,paper,Predictivity and Utility of Neural Surrogates of Multiscale PDEs,2604.20061,,"{""basis"": ""arxiv_id_month_inferred"", ""is_publication_date"": false, ""precision"": ""month"", ""source_ref"": ""metadata/papers.jsonl:278"", ""uncertainty"": ""由注册表arXiv编号推断提交年月；本次未逐篇核验编号与标题对应，不能代替正式发表时间。"", ""value"": ""2026-04""}",,legacy_unverified,,"[""topic:representation"", ""topic:multiscale"", ""topic:long_time"", ""topic:data_evaluation""]"
arxiv:2604.20085,paper,A Physics-Informed Neural Network for Solving the Quasi-static Magnetohydrodynamic Equations,2604.20085,,"{""basis"": ""arxiv_id_month_inferred"", ""is_publication_date"": false, ""precision"": ""month"", ""source_ref"": ""metadata/papers.jsonl:279"", ""uncertainty"": ""由注册表arXiv编号推断提交年月；本次未逐篇核验编号与标题对应，不能代替正式发表时间。"", ""value"": ""2026-04""}",,legacy_unverified,,"[""topic:physics_constraints"", ""topic:geometry"", ""topic:plasma""]"
arxiv:2604.20143,paper,Machine learning moment closure models for the radiative transfer equation IV: enforcing symmetrizable hyperbolicity in two dimensions,2604.20143,,"{""basis"": ""arxiv_id_month_inferred"", ""is_publication_date"": false, ""precision"": ""month"", ""source_ref"": ""metadata/papers.jsonl:280"", ""uncertainty"": ""由注册表arXiv编号推断提交年月；本次未逐篇核验编号与标题对应，不能代替正式发表时间。"", ""value"": ""2026-04""}",,legacy_unverified,,"[""topic:adaptation"", ""topic:hybrid_solvers"", ""topic:radiation_euv""]"
arxiv:2604.21097,paper,Learning to Emulate Chaos: Adversarial Optimal Transport Regularization,2604.21097,,"{""basis"": ""arxiv_id_month_inferred"", ""is_publication_date"": false, ""precision"": ""month"", ""source_ref"": ""metadata/papers.jsonl:281"", ""uncertainty"": ""由注册表arXiv编号推断提交年月；本次未逐篇核验编号与标题对应，不能代替正式发表时间。"", ""value"": ""2026-04""}",,legacy_unverified,,"[""topic:data_evaluation"", ""topic:hybrid_solvers"", ""topic:plasma"", ""topic:theory""]"
arxiv:2604.21101,paper,A Hybridizable Neural Time Integrator for Stable Autoregressive Forecasting,2604.21101,,"{""basis"": ""arxiv_id_month_inferred"", ""is_publication_date"": false, ""precision"": ""month"", ""source_ref"": ""metadata/papers.jsonl:282"", ""uncertainty"": ""由注册表arXiv编号推断提交年月；本次未逐篇核验编号与标题对应，不能代替正式发表时间。"", ""value"": ""2026-04""}",,legacy_unverified,,"[""topic:representation"", ""topic:multiphysics_pretraining"", ""topic:physics_constraints"", ""topic:geometry"", ""topic:long_time"", ""topic:hybrid_solvers"", ""topic:plasma"", ""topic:transformers"", ""topic:efficiency""]"
arxiv:2604.21411,paper,A Green-Integral-Constrained Neural Solver with Stochastic Physics-Informed Regularization,2604.21411,,"{""basis"": ""arxiv_id_month_inferred"", ""is_publication_date"": false, ""precision"": ""month"", ""source_ref"": ""metadata/papers.jsonl:283"", ""uncertainty"": ""由注册表arXiv编号推断提交年月；本次未逐篇核验编号与标题对应，不能代替正式发表时间。"", ""value"": ""2026-04""}",,legacy_unverified,,"[""topic:representation"", ""topic:physics_constraints"", ""topic:uncertainty"", ""topic:radiation_euv"", ""topic:efficiency""]"
arxiv:2604.22566,paper,A Deep Learning Approach to Describing the Plasma Sheath,2604.22566,,"{""basis"": ""arxiv_id_month_inferred"", ""is_publication_date"": false, ""precision"": ""month"", ""source_ref"": ""metadata/papers.jsonl:284"", ""uncertainty"": ""由注册表arXiv编号推断提交年月；本次未逐篇核验编号与标题对应，不能代替正式发表时间。"", ""value"": ""2026-04""}",,legacy_unverified,,"[""topic:physics_constraints"", ""topic:plasma""]"
arxiv:2604.23874,paper,Deep Learning of Solver-Aware Turbulence Closures from Nudged LES Dynamics,2604.23874,,"{""basis"": ""arxiv_id_month_inferred"", ""is_publication_date"": false, ""precision"": ""month"", ""source_ref"": ""metadata/papers.jsonl:285"", ""uncertainty"": ""由注册表arXiv编号推断提交年月；本次未逐篇核验编号与标题对应，不能代替正式发表时间。"", ""value"": ""2026-04""}",,legacy_unverified,,"[""topic:long_time"", ""topic:data_evaluation"", ""topic:hybrid_solvers"", ""topic:inverse_control"", ""topic:efficiency""]"
arxiv:2604.25985,paper,Learning Neural Operator Surrogates for the Black Hole Accretion Code,2604.25985,,"{""basis"": ""arxiv_id_month_inferred"", ""is_publication_date"": false, ""precision"": ""month"", ""source_ref"": ""metadata/papers.jsonl:286"", ""uncertainty"": ""由注册表arXiv编号推断提交年月；本次未逐篇核验编号与标题对应，不能代替正式发表时间。"", ""value"": ""2026-04""}",,legacy_unverified,,"[""topic:representation"", ""topic:operator_learning"", ""topic:physics_constraints"", ""topic:geometry"", ""topic:plasma"", ""topic:transformers""]"
arxiv:2604.26621,paper,LESnets: Large-Eddy Simulation Nets Based on Physics-Informed Neural Operator for Wall-Bounded Turbulence,2604.26621,,"{""basis"": ""arxiv_id_month_inferred"", ""is_publication_date"": false, ""precision"": ""month"", ""source_ref"": ""metadata/papers.jsonl:287"", ""uncertainty"": ""由注册表arXiv编号推断提交年月；本次未逐篇核验编号与标题对应，不能代替正式发表时间。"", ""value"": ""2026-04""}",,legacy_unverified,,"[""topic:operator_learning"", ""topic:physics_constraints"", ""topic:multiscale"", ""topic:efficiency""]"
arxiv:2604.27298,paper,DeepPropNet: an operator learning-based predictor for thermal plasma properties,2604.27298,,"{""basis"": ""arxiv_id_month_inferred"", ""is_publication_date"": false, ""precision"": ""month"", ""source_ref"": ""metadata/papers.jsonl:288"", ""uncertainty"": ""由注册表arXiv编号推断提交年月；本次未逐篇核验编号与标题对应，不能代替正式发表时间。"", ""value"": ""2026-04""}",,legacy_unverified,,"[""topic:operator_learning"", ""topic:plasma""]"
arxiv:2605.00068,paper,Human-in-the-Loop Meta Bayesian Optimization for Fusion Energy and Scientific Applications,2605.00068,,"{""basis"": ""arxiv_id_month_inferred"", ""is_publication_date"": false, ""precision"": ""month"", ""source_ref"": ""metadata/papers.jsonl:289"", ""uncertainty"": ""由注册表arXiv编号推断提交年月；本次未逐篇核验编号与标题对应，不能代替正式发表时间。"", ""value"": ""2026-05""}",,legacy_unverified,,"[""topic:uncertainty"", ""topic:data_evaluation"", ""topic:adaptation"", ""topic:optimization""]"
arxiv:2605.00820,paper,HyCOP: Hybrid Composition Operators for Interpretable Learning of PDEs,2605.00820,,"{""basis"": ""arxiv_id_month_inferred"", ""is_publication_date"": false, ""precision"": ""month"", ""source_ref"": ""metadata/papers.jsonl:290"", ""uncertainty"": ""由注册表arXiv编号推断提交年月；本次未逐篇核验编号与标题对应，不能代替正式发表时间。"", ""value"": ""2026-05""}",,legacy_unverified,,"[""topic:operator_learning"", ""topic:multiphysics_pretraining"", ""topic:long_time"", ""topic:data_evaluation"", ""topic:adaptation"", ""topic:hybrid_solvers"", ""topic:theory"", ""topic:transformers""]"
arxiv:2605.03548,paper,PerFlow: Physics-Embedded Rectified Flow for Efficient Reconstruction and Uncertainty Quantification of Spatiotemporal Dynamics,2605.03548,,"{""basis"": ""arxiv_id_month_inferred"", ""is_publication_date"": false, ""precision"": ""month"", ""source_ref"": ""metadata/papers.jsonl:291"", ""uncertainty"": ""由注册表arXiv编号推断提交年月；本次未逐篇核验编号与标题对应，不能代替正式发表时间。"", ""value"": ""2026-05""}",,legacy_unverified,,"[""topic:multiphysics_pretraining"", ""topic:physics_constraints"", ""topic:long_time"", ""topic:uncertainty"", ""topic:efficiency""]"
arxiv:2605.05081,paper,Provable imitation learning for control of instability in partially-observed Vlasov–Poisson equations,2605.05081,,"{""basis"": ""arxiv_id_month_inferred"", ""is_publication_date"": false, ""precision"": ""month"", ""source_ref"": ""metadata/papers.jsonl:292"", ""uncertainty"": ""由注册表arXiv编号推断提交年月；本次未逐篇核验编号与标题对应，不能代替正式发表时间。"", ""value"": ""2026-05""}",,legacy_unverified,,"[""topic:long_time"", ""topic:plasma"", ""topic:theory""]"
arxiv:2605.05862,paper,Do Neural Operators Forget Geometry? The Forgetting Hypothesis in Deep Operator Learning,2605.05862,,"{""basis"": ""arxiv_id_month_inferred"", ""is_publication_date"": false, ""precision"": ""month"", ""source_ref"": ""metadata/papers.jsonl:293"", ""uncertainty"": ""由注册表arXiv编号推断提交年月；本次未逐篇核验编号与标题对应，不能代替正式发表时间。"", ""value"": ""2026-05""}",,legacy_unverified,,"[""topic:operator_learning"", ""topic:multiphysics_pretraining"", ""topic:geometry"", ""topic:long_time"", ""topic:adaptation"", ""topic:transformers""]"
arxiv:2605.06591,paper,BRICKS: Compositional Neural Markov Kernels for Zero-Shot Radiation-Matter Simulation,2605.06591,,"{""basis"": ""arxiv_id_month_inferred"", ""is_publication_date"": false, ""precision"": ""month"", ""source_ref"": ""metadata/papers.jsonl:294"", ""uncertainty"": ""由注册表arXiv编号推断提交年月；本次未逐篇核验编号与标题对应，不能代替正式发表时间。"", ""value"": ""2026-05""}",,legacy_unverified,,"[""topic:generative"", ""topic:adaptation"", ""topic:hybrid_solvers"", ""topic:radiation_euv"", ""topic:transformers""]"
arxiv:2605.07279,paper,Physics-informed operator learning for transferable energy-dissipative microstructure dynamics,2605.07279,,"{""basis"": ""arxiv_id_month_inferred"", ""is_publication_date"": false, ""precision"": ""month"", ""source_ref"": ""metadata/papers.jsonl:295"", ""uncertainty"": ""由注册表arXiv编号推断提交年月；本次未逐篇核验编号与标题对应，不能代替正式发表时间。"", ""value"": ""2026-05""}",,legacy_unverified,,"[""topic:operator_learning"", ""topic:physics_constraints"", ""topic:adaptation""]"
arxiv:2605.08318,paper,When Attention Beats Fourier: Multi-Scale Transformers for PDE Solving on Irregular Domains,2605.08318,,"{""basis"": ""arxiv_id_month_inferred"", ""is_publication_date"": false, ""precision"": ""month"", ""source_ref"": ""metadata/papers.jsonl:296"", ""uncertainty"": ""由注册表arXiv编号推断提交年月；本次未逐篇核验编号与标题对应，不能代替正式发表时间。"", ""value"": ""2026-05""}",,legacy_unverified,,"[""topic:representation"", ""topic:operator_learning"", ""topic:physics_constraints"", ""topic:geometry"", ""topic:multiscale"", ""topic:data_evaluation"", ""topic:transformers""]"
arxiv:2605.09016,paper,CATO: Charted Attention for Neural PDE Operators,2605.09016,,"{""basis"": ""arxiv_id_month_inferred"", ""is_publication_date"": false, ""precision"": ""month"", ""source_ref"": ""metadata/papers.jsonl:297"", ""uncertainty"": ""由注册表arXiv编号推断提交年月；本次未逐篇核验编号与标题对应，不能代替正式发表时间。"", ""value"": ""2026-05""}",,legacy_unverified,,"[""topic:representation"", ""topic:operator_learning"", ""topic:multiphysics_pretraining"", ""topic:geometry"", ""topic:data_evaluation"", ""topic:adaptation"", ""topic:transformers"", ""topic:efficiency""]"
arxiv:2605.09189,paper,Practical Scaling Laws: Converting Compute into Performance in a Data-Constrained World,2605.09189,,"{""basis"": ""arxiv_id_month_inferred"", ""is_publication_date"": false, ""precision"": ""month"", ""source_ref"": ""metadata/papers.jsonl:298"", ""uncertainty"": ""由注册表arXiv编号推断提交年月；本次未逐篇核验编号与标题对应，不能代替正式发表时间。"", ""value"": ""2026-05""}",,legacy_unverified,,"[""topic:representation"", ""topic:operator_learning"", ""topic:multiphysics_pretraining"", ""topic:geometry"", ""topic:theory"", ""topic:transformers"", ""topic:scaling""]"
arxiv:2605.09523,paper,HS-FNO: History-Space Fourier Neural Operator for Non-Markovian Partial Differential Equations,2605.09523,,"{""basis"": ""arxiv_id_month_inferred"", ""is_publication_date"": false, ""precision"": ""month"", ""source_ref"": ""metadata/papers.jsonl:299"", ""uncertainty"": ""由注册表arXiv编号推断提交年月；本次未逐篇核验编号与标题对应，不能代替正式发表时间。"", ""value"": ""2026-05""}",,legacy_unverified,,"[""topic:operator_learning"", ""topic:multiscale"", ""topic:data_evaluation""]"
arxiv:2605.09543,paper,Accelerating 3D Non-LTE Synthesis with Graph Neural Networks,2605.09543,,"{""basis"": ""arxiv_id_month_inferred"", ""is_publication_date"": false, ""precision"": ""month"", ""source_ref"": ""metadata/papers.jsonl:300"", ""uncertainty"": ""由注册表arXiv编号推断提交年月；本次未逐篇核验编号与标题对应，不能代替正式发表时间。"", ""value"": ""2026-05""}",,legacy_unverified,,"[""topic:representation"", ""topic:radiation_euv"", ""topic:theory"", ""topic:efficiency""]"
arxiv:2605.10154,paper,Stable Long-Horizon PDE Forecasting via Latent Structured Spectral Propagators,2605.10154,,"{""basis"": ""arxiv_id_month_inferred"", ""is_publication_date"": false, ""precision"": ""month"", ""source_ref"": ""metadata/papers.jsonl:301"", ""uncertainty"": ""由注册表arXiv编号推断提交年月；本次未逐篇核验编号与标题对应，不能代替正式发表时间。"", ""value"": ""2026-05""}",,legacy_unverified,,"[""topic:representation"", ""topic:multiscale"", ""topic:long_time""]"
arxiv:2605.10451,paper,Don't Fix the Basis -- Learn It: Spectral Representation with Adaptive Basis Learning for PDEs,2605.10451,,"{""basis"": ""arxiv_id_month_inferred"", ""is_publication_date"": false, ""precision"": ""month"", ""source_ref"": ""metadata/papers.jsonl:302"", ""uncertainty"": ""由注册表arXiv编号推断提交年月；本次未逐篇核验编号与标题对应，不能代替正式发表时间。"", ""value"": ""2026-05""}",,legacy_unverified,,"[""topic:representation"", ""topic:operator_learning"", ""topic:multiscale"", ""topic:long_time"", ""topic:data_evaluation"", ""topic:adaptation""]"
arxiv:2605.11691,paper,Compositional Neural Operators for Multi-Dimensional Fluid Dynamics (CompNO),2605.11691,,"{""basis"": ""arxiv_id_month_inferred"", ""is_publication_date"": false, ""precision"": ""month"", ""source_ref"": ""metadata/papers.jsonl:303"", ""uncertainty"": ""由注册表arXiv编号推断提交年月；本次未逐篇核验编号与标题对应，不能代替正式发表时间。"", ""value"": ""2026-05""}",,legacy_unverified,,"[""topic:representation"", ""topic:operator_learning"", ""topic:multiphysics_pretraining"", ""topic:adaptation"", ""topic:hybrid_solvers""]"
arxiv:2605.12343,paper,Neural-Schwarz Tiling for Geometry-Universal PDE Solving at Scale,2605.12343,,"{""basis"": ""arxiv_id_month_inferred"", ""is_publication_date"": false, ""precision"": ""month"", ""source_ref"": ""metadata/papers.jsonl:304"", ""uncertainty"": ""由注册表arXiv编号推断提交年月；本次未逐篇核验编号与标题对应，不能代替正式发表时间。"", ""value"": ""2026-05""}",,legacy_unverified,,"[""topic:operator_learning"", ""topic:physics_constraints"", ""topic:geometry"", ""topic:adaptation""]"
arxiv:2605.12700,paper,UFO: A Domain-Unification-Free Operator Framework for Generalized Operator Learning,2605.12700,,"{""basis"": ""arxiv_id_month_inferred"", ""is_publication_date"": false, ""precision"": ""month"", ""source_ref"": ""metadata/papers.jsonl:305"", ""uncertainty"": ""由注册表arXiv编号推断提交年月；本次未逐篇核验编号与标题对应，不能代替正式发表时间。"", ""value"": ""2026-05""}",,legacy_unverified,,"[""topic:representation"", ""topic:operator_learning"", ""topic:geometry"", ""topic:data_evaluation"", ""topic:adaptation""]"
arxiv:2605.13834,paper,Topology-Preserving Neural Operator Learning via Hodge Decomposition,2605.13834,,"{""basis"": ""arxiv_id_month_inferred"", ""is_publication_date"": false, ""precision"": ""month"", ""source_ref"": ""metadata/papers.jsonl:306"", ""uncertainty"": ""由注册表arXiv编号推断提交年月；本次未逐篇核验编号与标题对应，不能代替正式发表时间。"", ""value"": ""2026-05""}",,legacy_unverified,,"[""topic:representation"", ""topic:operator_learning"", ""topic:physics_constraints"", ""topic:geometry"", ""topic:theory""]"
arxiv:2605.14546,paper,Discovering Physical Directions in Weight Space: Composing Neural PDE Experts,2605.14546,,"{""basis"": ""arxiv_id_month_inferred"", ""is_publication_date"": false, ""precision"": ""month"", ""source_ref"": ""metadata/papers.jsonl:307"", ""uncertainty"": ""由注册表arXiv编号推断提交年月；本次未逐篇核验编号与标题对应，不能代替正式发表时间。"", ""value"": ""2026-05""}",,legacy_unverified,,"[""topic:adaptation""]"
arxiv:2605.14939,paper,Real-time virtual circuits for plasma shape control via neural network emulators,2605.14939,,"{""basis"": ""arxiv_id_month_inferred"", ""is_publication_date"": false, ""precision"": ""month"", ""source_ref"": ""metadata/papers.jsonl:308"", ""uncertainty"": ""由注册表arXiv编号推断提交年月；本次未逐篇核验编号与标题对应，不能代替正式发表时间。"", ""value"": ""2026-05""}",,legacy_unverified,,"[""topic:plasma""]"
arxiv:2605.15179,paper,标题缺失 [arxiv:2605.15179],2605.15179,,"{""basis"": ""arxiv_id_month_inferred"", ""is_publication_date"": false, ""precision"": ""month"", ""source_ref"": ""metadata/papers.jsonl:309"", ""uncertainty"": ""由注册表arXiv编号推断提交年月；本次未逐篇核验编号与标题对应，不能代替正式发表时间。"", ""value"": ""2026-05""}",,legacy_unverified,,[]
arxiv:2605.15284,paper,Tadpole: Autoencoders as Foundation Models for 3D PDEs with Online Learning,2605.15284,,"{""basis"": ""arxiv_id_month_inferred"", ""is_publication_date"": false, ""precision"": ""month"", ""source_ref"": ""metadata/papers.jsonl:310"", ""uncertainty"": ""由注册表arXiv编号推断提交年月；本次未逐篇核验编号与标题对应，不能代替正式发表时间。"", ""value"": ""2026-05""}",,legacy_unverified,,"[""topic:representation"", ""topic:multiphysics_pretraining"", ""topic:adaptation"", ""topic:efficiency""]"
arxiv:2605.15754,paper,Spatiotemporal Decoupled Physics-Informed Stone-Weierstrass Neural Operator for Long-Time Prediction of Time-Dependent Parametric PDEs,2605.15754,,"{""basis"": ""arxiv_id_month_inferred"", ""is_publication_date"": false, ""precision"": ""month"", ""source_ref"": ""metadata/papers.jsonl:311"", ""uncertainty"": ""由注册表arXiv编号推断提交年月；本次未逐篇核验编号与标题对应，不能代替正式发表时间。"", ""value"": ""2026-05""}",,legacy_unverified,,"[""topic:representation"", ""topic:operator_learning"", ""topic:physics_constraints"", ""topic:long_time"", ""topic:theory""]"
arxiv:2605.15793,paper,AOT-POT: Adaptive Operator Transformation for Large-Scale PDE Pre-training,2605.15793,,"{""basis"": ""arxiv_id_month_inferred"", ""is_publication_date"": false, ""precision"": ""month"", ""source_ref"": ""metadata/papers.jsonl:312"", ""uncertainty"": ""由注册表arXiv编号推断提交年月；本次未逐篇核验编号与标题对应，不能代替正式发表时间。"", ""value"": ""2026-05""}",,legacy_unverified,,"[""topic:representation"", ""topic:operator_learning"", ""topic:multiphysics_pretraining"", ""topic:long_time"", ""topic:data_evaluation"", ""topic:adaptation"", ""topic:theory""]"
arxiv:2605.15881,paper,Symplectic Neural Operators for Learning Infinite Dimensional Hamiltonian Systems,2605.15881,,"{""basis"": ""arxiv_id_month_inferred"", ""is_publication_date"": false, ""precision"": ""month"", ""source_ref"": ""metadata/papers.jsonl:313"", ""uncertainty"": ""由注册表arXiv编号推断提交年月；本次未逐篇核验编号与标题对应，不能代替正式发表时间。"", ""value"": ""2026-05""}",,legacy_unverified,,"[""topic:operator_learning"", ""topic:physics_constraints"", ""topic:long_time"", ""topic:theory""]"
arxiv:2605.16573,paper,Wavelet Flow Matching for Multi-Scale Physics Emulation,2605.16573,,"{""basis"": ""arxiv_id_month_inferred"", ""is_publication_date"": false, ""precision"": ""month"", ""source_ref"": ""metadata/papers.jsonl:314"", ""uncertainty"": ""由注册表arXiv编号推断提交年月；本次未逐篇核验编号与标题对应，不能代替正式发表时间。"", ""value"": ""2026-05""}",,legacy_unverified,,"[""topic:multiscale"", ""topic:long_time"", ""topic:generative"", ""topic:uncertainty""]"
arxiv:2605.17107,paper,Diffusion-Based Stochastic Operator Networks for Uncertainty Quantification in Stochastic Partial Differential Equations,2605.17107,,"{""basis"": ""arxiv_id_month_inferred"", ""is_publication_date"": false, ""precision"": ""month"", ""source_ref"": ""metadata/papers.jsonl:315"", ""uncertainty"": ""由注册表arXiv编号推断提交年月；本次未逐篇核验编号与标题对应，不能代替正式发表时间。"", ""value"": ""2026-05""}",,legacy_unverified,,"[""topic:operator_learning"", ""topic:uncertainty""]"
arxiv:2605.19057,paper,Magnetohydrodynamics Simulations,2605.19057,,"{""basis"": ""arxiv_id_month_inferred"", ""is_publication_date"": false, ""precision"": ""month"", ""source_ref"": ""metadata/papers.jsonl:316"", ""uncertainty"": ""由注册表arXiv编号推断提交年月；本次未逐篇核验编号与标题对应，不能代替正式发表时间。"", ""value"": ""2026-05""}",,legacy_unverified,,"[""topic:operator_learning"", ""topic:multiphysics_pretraining"", ""topic:physics_constraints"", ""topic:generative"", ""topic:plasma""]"
arxiv:2605.20780,paper,Learning to Think in Physics: Breaking Shortcut Learning in Scientific Diffusion via Representation Alignment,2605.20780,,"{""basis"": ""arxiv_id_month_inferred"", ""is_publication_date"": false, ""precision"": ""month"", ""source_ref"": ""metadata/papers.jsonl:317"", ""uncertainty"": ""由注册表arXiv编号推断提交年月；本次未逐篇核验编号与标题对应，不能代替正式发表时间。"", ""value"": ""2026-05""}",,legacy_unverified,,"[""topic:representation"", ""topic:physics_constraints"", ""topic:geometry"", ""topic:generative"", ""topic:theory"", ""topic:transformers""]"
arxiv:2605.21348,paper,Data-Efficient Neural Operator Training via Physics-Based Active Learning,2605.21348,,"{""basis"": ""arxiv_id_month_inferred"", ""is_publication_date"": false, ""precision"": ""month"", ""source_ref"": ""metadata/papers.jsonl:318"", ""uncertainty"": ""由注册表arXiv编号推断提交年月；本次未逐篇核验编号与标题对应，不能代替正式发表时间。"", ""value"": ""2026-05""}",,legacy_unverified,,"[""topic:representation"", ""topic:operator_learning"", ""topic:physics_constraints"", ""topic:uncertainty"", ""topic:optimization"", ""topic:efficiency""]"
arxiv:2605.22222,paper,ARC-STAR: Auditable Post-Hoc Correction for PDE Foundation Models,2605.22222,,"{""basis"": ""arxiv_id_month_inferred"", ""is_publication_date"": false, ""precision"": ""month"", ""source_ref"": ""metadata/papers.jsonl:319"", ""uncertainty"": ""由注册表arXiv编号推断提交年月；本次未逐篇核验编号与标题对应，不能代替正式发表时间。"", ""value"": ""2026-05""}",,legacy_unverified,,"[""topic:multiphysics_pretraining"", ""topic:physics_constraints"", ""topic:long_time"", ""topic:adaptation""]"
arxiv:2605.22724,paper,Multiple Neural Operators Achieve Near-Optimal Rates for Multi-Task Learning,2605.22724,,"{""basis"": ""arxiv_id_month_inferred"", ""is_publication_date"": false, ""precision"": ""month"", ""source_ref"": ""metadata/papers.jsonl:320"", ""uncertainty"": ""由注册表arXiv编号推断提交年月；本次未逐篇核验编号与标题对应，不能代替正式发表时间。"", ""value"": ""2026-05""}",,legacy_unverified,,"[""topic:representation"", ""topic:operator_learning"", ""topic:multiphysics_pretraining"", ""topic:adaptation"", ""topic:theory"", ""topic:scaling""]"
arxiv:2605.25353,paper,PDEInvBench: A Comprehensive Dataset and Design Space Exploration of Neural Networks for PDE Inverse Problems,2605.25353,,"{""basis"": ""arxiv_id_month_inferred"", ""is_publication_date"": false, ""precision"": ""month"", ""source_ref"": ""metadata/papers.jsonl:321"", ""uncertainty"": ""由注册表arXiv编号推断提交年月；本次未逐篇核验编号与标题对应，不能代替正式发表时间。"", ""value"": ""2026-05""}",,legacy_unverified,,"[""topic:representation"", ""topic:multiphysics_pretraining"", ""topic:data_evaluation"", ""topic:adaptation"", ""topic:inverse_control""]"
arxiv:2605.25413,paper,Autoregression-Free Neural Operators for Time-Dependent PDEs,2605.25413,,"{""basis"": ""arxiv_id_month_inferred"", ""is_publication_date"": false, ""precision"": ""month"", ""source_ref"": ""metadata/papers.jsonl:322"", ""uncertainty"": ""由注册表arXiv编号推断提交年月；本次未逐篇核验编号与标题对应，不能代替正式发表时间。"", ""value"": ""2026-05""}",,legacy_unverified,,"[""topic:representation"", ""topic:operator_learning"", ""topic:long_time""]"
arxiv:2605.25509,paper,Guided Flow Matching for Forward and Inverse PDE Problems with Sparse Observations: Algorithm and Theory,2605.25509,,"{""basis"": ""arxiv_id_month_inferred"", ""is_publication_date"": false, ""precision"": ""month"", ""source_ref"": ""metadata/papers.jsonl:323"", ""uncertainty"": ""由注册表arXiv编号推断提交年月；本次未逐篇核验编号与标题对应，不能代替正式发表时间。"", ""value"": ""2026-05""}",,legacy_unverified,,"[""topic:physics_constraints"", ""topic:generative"", ""topic:uncertainty"", ""topic:data_evaluation"", ""topic:theory"", ""topic:inverse_control"", ""topic:efficiency""]"
arxiv:2605.25867,paper,CINOC: Cardinality-Invariant Neural Operator Policies for Scalable PDE Control,2605.25867,,"{""basis"": ""arxiv_id_month_inferred"", ""is_publication_date"": false, ""precision"": ""month"", ""source_ref"": ""metadata/papers.jsonl:324"", ""uncertainty"": ""由注册表arXiv编号推断提交年月；本次未逐篇核验编号与标题对应，不能代替正式发表时间。"", ""value"": ""2026-05""}",,legacy_unverified,,"[""topic:representation"", ""topic:operator_learning"", ""topic:adaptation"", ""topic:efficiency""]"
arxiv:2605.25949,paper,"Small Models, Strong Priors: Architectural Inductive Bias for Parameter-Efficient Neural PDE Solvers",2605.25949,,"{""basis"": ""arxiv_id_month_inferred"", ""is_publication_date"": false, ""precision"": ""month"", ""source_ref"": ""metadata/papers.jsonl:325"", ""uncertainty"": ""由注册表arXiv编号推断提交年月；本次未逐篇核验编号与标题对应，不能代替正式发表时间。"", ""value"": ""2026-05""}",,legacy_unverified,,"[""topic:multiphysics_pretraining"", ""topic:multiscale"", ""topic:data_evaluation"", ""topic:transformers"", ""topic:efficiency""]"
arxiv:2605.27408,paper,Neural Quantum Spectral Operator Learning for Solving Partial Differential Equations,2605.27408,,"{""basis"": ""arxiv_id_month_inferred"", ""is_publication_date"": false, ""precision"": ""month"", ""source_ref"": ""metadata/papers.jsonl:326"", ""uncertainty"": ""由注册表arXiv编号推断提交年月；本次未逐篇核验编号与标题对应，不能代替正式发表时间。"", ""value"": ""2026-05""}",,legacy_unverified,,"[""topic:representation"", ""topic:operator_learning"", ""topic:symbolic_conditioning"", ""topic:physics_constraints"", ""topic:multiscale""]"
arxiv:2605.29283,paper,Do Physics Foundation Models Learn Generalizable Physics? A Bias-Aware Benchmark Across Physical Regimes and Distribution Shifts,2605.29283,,"{""basis"": ""arxiv_id_month_inferred"", ""is_publication_date"": false, ""precision"": ""month"", ""source_ref"": ""metadata/papers.jsonl:327"", ""uncertainty"": ""由注册表arXiv编号推断提交年月；本次未逐篇核验编号与标题对应，不能代替正式发表时间。"", ""value"": ""2026-05""}",,legacy_unverified,,"[""topic:multiphysics_pretraining"", ""topic:data_evaluation"", ""topic:adaptation""]"
arxiv:2606.00296,paper,Is Zero-Shot Super-Resolution Possible in Operator Learning?,2606.00296,,"{""basis"": ""arxiv_id_month_inferred"", ""is_publication_date"": false, ""precision"": ""month"", ""source_ref"": ""metadata/papers.jsonl:328"", ""uncertainty"": ""由注册表arXiv编号推断提交年月；本次未逐篇核验编号与标题对应，不能代替正式发表时间。"", ""value"": ""2026-06""}",,legacy_unverified,,"[""topic:operator_learning"", ""topic:multiphysics_pretraining"", ""topic:physics_constraints"", ""topic:data_evaluation"", ""topic:adaptation"", ""topic:theory""]"
arxiv:2606.00643,paper,Taming the Loss Landscape of PINNs with Noisy Feynman–Kac Supervision: Operator Preconditioning and Non-Asymptotic Error Bounds,2606.00643,,"{""basis"": ""arxiv_id_month_inferred"", ""is_publication_date"": false, ""precision"": ""month"", ""source_ref"": ""metadata/papers.jsonl:329"", ""uncertainty"": ""由注册表arXiv编号推断提交年月；本次未逐篇核验编号与标题对应，不能代替正式发表时间。"", ""value"": ""2026-06""}",,legacy_unverified,,"[""topic:representation"", ""topic:physics_constraints"", ""topic:theory""]"
arxiv:2606.00937,paper,Cellular Sheaf Neural Operators for Structure-Preserving Surrogate Modeling of Constrained PDEs,2606.00937,,"{""basis"": ""arxiv_id_month_inferred"", ""is_publication_date"": false, ""precision"": ""month"", ""source_ref"": ""metadata/papers.jsonl:330"", ""uncertainty"": ""由注册表arXiv编号推断提交年月；本次未逐篇核验编号与标题对应，不能代替正式发表时间。"", ""value"": ""2026-06""}",,legacy_unverified,,"[""topic:representation"", ""topic:operator_learning"", ""topic:physics_constraints"", ""topic:geometry"", ""topic:data_evaluation"", ""topic:plasma"", ""topic:theory""]"
arxiv:2606.01366,paper,Conservative Discrete Structure Stabilizes Autoregressive Rollouts in a 1D Drift Diffusion Poisson Benchmark,2606.01366,,"{""basis"": ""arxiv_id_month_inferred"", ""is_publication_date"": false, ""precision"": ""month"", ""source_ref"": ""metadata/papers.jsonl:331"", ""uncertainty"": ""由注册表arXiv编号推断提交年月；本次未逐篇核验编号与标题对应，不能代替正式发表时间。"", ""value"": ""2026-06""}",,legacy_unverified,,"[""topic:physics_constraints"", ""topic:long_time"", ""topic:data_evaluation"", ""topic:plasma""]"
arxiv:2606.01470,paper,Emergent Transfer of a Physics Foundation Model from Simulation to Laboratory Turbulence,2606.01470,,"{""basis"": ""arxiv_id_month_inferred"", ""is_publication_date"": false, ""precision"": ""month"", ""source_ref"": ""metadata/papers.jsonl:332"", ""uncertainty"": ""由注册表arXiv编号推断提交年月；本次未逐篇核验编号与标题对应，不能代替正式发表时间。"", ""value"": ""2026-06""}",,legacy_unverified,,"[""topic:multiphysics_pretraining"", ""topic:long_time"", ""topic:adaptation""]"
arxiv:2606.02084,paper,Deep Learning-Accelerated Dynamic Kinetic Monte Carlo Simulation for Hydrogen Transport in Tungsten,2606.02084,,"{""basis"": ""arxiv_id_month_inferred"", ""is_publication_date"": false, ""precision"": ""month"", ""source_ref"": ""metadata/papers.jsonl:333"", ""uncertainty"": ""由注册表arXiv编号推断提交年月；本次未逐篇核验编号与标题对应，不能代替正式发表时间。"", ""value"": ""2026-06""}",,legacy_unverified,,"[""topic:adaptation"", ""topic:plasma"", ""topic:radiation_euv"", ""topic:efficiency""]"
arxiv:2606.02427,paper,Spectral Audit of In-Context Operator Networks,2606.02427,,"{""basis"": ""arxiv_id_month_inferred"", ""is_publication_date"": false, ""precision"": ""month"", ""source_ref"": ""metadata/papers.jsonl:334"", ""uncertainty"": ""由注册表arXiv编号推断提交年月；本次未逐篇核验编号与标题对应，不能代替正式发表时间。"", ""value"": ""2026-06""}",,legacy_unverified,,"[""topic:representation"", ""topic:operator_learning"", ""topic:in_context"", ""topic:multiscale""]"
arxiv:2606.03469,paper,Physics-guided correction for operator learning under model misspecification,2606.03469,,"{""basis"": ""arxiv_id_month_inferred"", ""is_publication_date"": false, ""precision"": ""month"", ""source_ref"": ""metadata/papers.jsonl:335"", ""uncertainty"": ""由注册表arXiv编号推断提交年月；本次未逐篇核验编号与标题对应，不能代替正式发表时间。"", ""value"": ""2026-06""}",,legacy_unverified,,"[""topic:operator_learning"", ""topic:physics_constraints""]"
arxiv:2606.03936,paper,Correcting Neural Operator Spectral Bias via Diffusion Posterior Sampling with Sparse Observations,2606.03936,,"{""basis"": ""arxiv_id_month_inferred"", ""is_publication_date"": false, ""precision"": ""month"", ""source_ref"": ""metadata/papers.jsonl:336"", ""uncertainty"": ""由注册表arXiv编号推断提交年月；本次未逐篇核验编号与标题对应，不能代替正式发表时间。"", ""value"": ""2026-06""}",,legacy_unverified,,"[""topic:operator_learning"", ""topic:multiscale"", ""topic:hybrid_solvers"", ""topic:optimization"", ""topic:efficiency""]"
arxiv:2606.04366,paper,MeshTok: Efficient Multi-Scale Tokenization for Scalable PDE Transformers,2606.04366,,"{""basis"": ""arxiv_id_month_inferred"", ""is_publication_date"": false, ""precision"": ""month"", ""source_ref"": ""metadata/papers.jsonl:337"", ""uncertainty"": ""由注册表arXiv编号推断提交年月；本次未逐篇核验编号与标题对应，不能代替正式发表时间。"", ""value"": ""2026-06""}",,legacy_unverified,,"[""topic:representation"", ""topic:multiphysics_pretraining"", ""topic:in_context"", ""topic:geometry"", ""topic:multiscale"", ""topic:data_evaluation"", ""topic:adaptation"", ""topic:transformers"", ""topic:efficiency""]"
arxiv:2606.04447,paper,ATLAS-NN: Adaptive Transfer Learnable Symplectic-aware Neural Network for Long-Time Hamiltonian Dynamics,2606.04447,,"{""basis"": ""arxiv_id_month_inferred"", ""is_publication_date"": false, ""precision"": ""month"", ""source_ref"": ""metadata/papers.jsonl:338"", ""uncertainty"": ""由注册表arXiv编号推断提交年月；本次未逐篇核验编号与标题对应，不能代替正式发表时间。"", ""value"": ""2026-06""}",,legacy_unverified,,"[""topic:long_time"", ""topic:adaptation""]"
arxiv:2606.05783,paper,Stochastic Multiscale Reconstruction of Lagrangian Turbulence via Guided Diffusion Models,2606.05783,,"{""basis"": ""arxiv_id_month_inferred"", ""is_publication_date"": false, ""precision"": ""month"", ""source_ref"": ""metadata/papers.jsonl:339"", ""uncertainty"": ""由注册表arXiv编号推断提交年月；本次未逐篇核验编号与标题对应，不能代替正式发表时间。"", ""value"": ""2026-06""}",,legacy_unverified,,"[""topic:generative"", ""topic:uncertainty""]"
arxiv:2606.05850,paper,Towards stable and accurate electron dynamics via neural network based time-dependent variational Monte Carlo,2606.05850,,"{""basis"": ""arxiv_id_month_inferred"", ""is_publication_date"": false, ""precision"": ""month"", ""source_ref"": ""metadata/papers.jsonl:340"", ""uncertainty"": ""由注册表arXiv编号推断提交年月；本次未逐篇核验编号与标题对应，不能代替正式发表时间。"", ""value"": ""2026-06""}",,legacy_unverified,,"[""topic:long_time"", ""topic:radiation_euv""]"
arxiv:2606.06164,paper,On the training of physics-informed neural operators for solving parametric partial differential equations,2606.06164,,"{""basis"": ""arxiv_id_month_inferred"", ""is_publication_date"": false, ""precision"": ""month"", ""source_ref"": ""metadata/papers.jsonl:341"", ""uncertainty"": ""由注册表arXiv编号推断提交年月；本次未逐篇核验编号与标题对应，不能代替正式发表时间。"", ""value"": ""2026-06""}",,legacy_unverified,,"[""topic:operator_learning"", ""topic:physics_constraints"", ""topic:optimization""]"
arxiv:2606.06210,paper,A Surrogate Model for Proton Spectrum Prediction to Map Transitions in Laser-Ion Acceleration,2606.06210,,"{""basis"": ""arxiv_id_month_inferred"", ""is_publication_date"": false, ""precision"": ""month"", ""source_ref"": ""metadata/papers.jsonl:342"", ""uncertainty"": ""由注册表arXiv编号推断提交年月；本次未逐篇核验编号与标题对应，不能代替正式发表时间。"", ""value"": ""2026-06""}",,legacy_unverified,,"[""topic:representation"", ""topic:physics_constraints"", ""topic:radiation_euv"", ""topic:efficiency""]"
arxiv:2606.08827,paper,High-dimensional inverse design of inertial fusion implosions via differentiable simulation,2606.08827,,"{""basis"": ""arxiv_id_month_inferred"", ""is_publication_date"": false, ""precision"": ""month"", ""source_ref"": ""metadata/papers.jsonl:343"", ""uncertainty"": ""由注册表arXiv编号推断提交年月；本次未逐篇核验编号与标题对应，不能代替正式发表时间。"", ""value"": ""2026-06""}",,legacy_unverified,,"[""topic:representation"", ""topic:geometry"", ""topic:radiation_euv"", ""topic:inverse_control"", ""topic:efficiency""]"
arxiv:2606.09806,paper,Topological Neural Operators,2606.09806,,"{""basis"": ""arxiv_id_month_inferred"", ""is_publication_date"": false, ""precision"": ""month"", ""source_ref"": ""metadata/papers.jsonl:344"", ""uncertainty"": ""由注册表arXiv编号推断提交年月；本次未逐篇核验编号与标题对应，不能代替正式发表时间。"", ""value"": ""2026-06""}",,legacy_unverified,,"[""topic:representation"", ""topic:operator_learning"", ""topic:physics_constraints"", ""topic:geometry"", ""topic:data_evaluation""]"
arxiv:2606.10215,paper,LEAP: A Rapid Neural Surrogate of Multi-Fluid MHD at Europa,2606.10215,,"{""basis"": ""arxiv_id_month_inferred"", ""is_publication_date"": false, ""precision"": ""month"", ""source_ref"": ""metadata/papers.jsonl:345"", ""uncertainty"": ""由注册表arXiv编号推断提交年月；本次未逐篇核验编号与标题对应，不能代替正式发表时间。"", ""value"": ""2026-06""}",,legacy_unverified,,"[""topic:representation"", ""topic:plasma"", ""topic:transformers"", ""topic:inverse_control"", ""topic:efficiency""]"
arxiv:2606.10310,paper,DKEKAN: A single-parameterized KAN surrogate for Drift Kinetic Equation Toward Fast Neoclassical Toroidal Viscosity Torque Modeling in Tokamaks,2606.10310,,"{""basis"": ""arxiv_id_month_inferred"", ""is_publication_date"": false, ""precision"": ""month"", ""source_ref"": ""metadata/papers.jsonl:346"", ""uncertainty"": ""由注册表arXiv编号推断提交年月；本次未逐篇核验编号与标题对应，不能代替正式发表时间。"", ""value"": ""2026-06""}",,legacy_unverified,,"[""topic:representation"", ""topic:operator_learning"", ""topic:data_evaluation"", ""topic:plasma"", ""topic:efficiency""]"
arxiv:2606.10370,paper,Flow-based generative models for amortized Bayesian inference in regression and inverse PDE problems,2606.10370,,"{""basis"": ""arxiv_id_month_inferred"", ""is_publication_date"": false, ""precision"": ""month"", ""source_ref"": ""metadata/papers.jsonl:347"", ""uncertainty"": ""由注册表arXiv编号推断提交年月；本次未逐篇核验编号与标题对应，不能代替正式发表时间。"", ""value"": ""2026-06""}",,legacy_unverified,,"[""topic:generative"", ""topic:uncertainty"", ""topic:inverse_control""]"
arxiv:2606.11518,paper,SirenFNO: Efficient and Full Frequency Learning of Fourier Neural Operators,2606.11518,,"{""basis"": ""arxiv_id_month_inferred"", ""is_publication_date"": false, ""precision"": ""month"", ""source_ref"": ""metadata/papers.jsonl:348"", ""uncertainty"": ""由注册表arXiv编号推断提交年月；本次未逐篇核验编号与标题对应，不能代替正式发表时间。"", ""value"": ""2026-06""}",,legacy_unverified,,"[""topic:representation"", ""topic:operator_learning"", ""topic:geometry"", ""topic:multiscale"", ""topic:data_evaluation"", ""topic:efficiency""]"
arxiv:2606.11650,paper,Structure-Preserving Neural Surrogates with Tractable Uncertainty Quantification,2606.11650,,"{""basis"": ""arxiv_id_month_inferred"", ""is_publication_date"": false, ""precision"": ""month"", ""source_ref"": ""metadata/papers.jsonl:349"", ""uncertainty"": ""由注册表arXiv编号推断提交年月；本次未逐篇核验编号与标题对应，不能代替正式发表时间。"", ""value"": ""2026-06""}",,legacy_unverified,,"[""topic:representation"", ""topic:physics_constraints"", ""topic:geometry"", ""topic:uncertainty"", ""topic:hybrid_solvers"", ""topic:theory"", ""topic:transformers""]"
arxiv:2606.11691,paper,Spectrally Regularized Latent Flow Matching for Turbulence Generation,2606.11691,,"{""basis"": ""arxiv_id_month_inferred"", ""is_publication_date"": false, ""precision"": ""month"", ""source_ref"": ""metadata/papers.jsonl:350"", ""uncertainty"": ""由注册表arXiv编号推断提交年月；本次未逐篇核验编号与标题对应，不能代替正式发表时间。"", ""value"": ""2026-06""}",,legacy_unverified,,"[""topic:representation"", ""topic:multiscale"", ""topic:generative"", ""topic:data_evaluation""]"
arxiv:2606.11963,paper,HAMNO: A Hierarchical Adaptive Multi-scale Neural Operator with Physics-Informed Learning for Dynamical Systems,2606.11963,,"{""basis"": ""arxiv_id_month_inferred"", ""is_publication_date"": false, ""precision"": ""month"", ""source_ref"": ""metadata/papers.jsonl:351"", ""uncertainty"": ""由注册表arXiv编号推断提交年月；本次未逐篇核验编号与标题对应，不能代替正式发表时间。"", ""value"": ""2026-06""}",,legacy_unverified,,"[""topic:representation"", ""topic:operator_learning"", ""topic:physics_constraints"", ""topic:multiscale"", ""topic:long_time"", ""topic:adaptation""]"
arxiv:2606.12318,paper,Harness In-Context Operator Learning with Chain of Operators,2606.12318,,"{""basis"": ""arxiv_id_month_inferred"", ""is_publication_date"": false, ""precision"": ""month"", ""source_ref"": ""metadata/papers.jsonl:352"", ""uncertainty"": ""由注册表arXiv编号推断提交年月；本次未逐篇核验编号与标题对应，不能代替正式发表时间。"", ""value"": ""2026-06""}",,legacy_unverified,,"[""topic:operator_learning"", ""topic:multiphysics_pretraining"", ""topic:in_context"", ""topic:physics_constraints"", ""topic:adaptation""]"
arxiv:2606.12447,paper,Closure-channel identifiability and two-channel recovery in monatomic kinetic normal shocks,2606.12447,,"{""basis"": ""arxiv_id_month_inferred"", ""is_publication_date"": false, ""precision"": ""month"", ""source_ref"": ""metadata/papers.jsonl:353"", ""uncertainty"": ""由注册表arXiv编号推断提交年月；本次未逐篇核验编号与标题对应，不能代替正式发表时间。"", ""value"": ""2026-06""}",,legacy_unverified,,"[""topic:physics_constraints"", ""topic:hybrid_solvers"", ""topic:theory""]"
arxiv:2606.12567,paper,Hierarchical Framework of Runaway Electrons using Deep Learning,2606.12567,,"{""basis"": ""arxiv_id_month_inferred"", ""is_publication_date"": false, ""precision"": ""month"", ""source_ref"": ""metadata/papers.jsonl:354"", ""uncertainty"": ""由注册表arXiv编号推断提交年月；本次未逐篇核验编号与标题对应，不能代替正式发表时间。"", ""value"": ""2026-06""}",,legacy_unverified,,"[""topic:physics_constraints"", ""topic:adaptation"", ""topic:plasma""]"
arxiv:2606.14039,paper,"Machine learning for rarefied gas transport in vacuum and micro/nano systems: promise, pitfalls, and a verification agenda",2606.14039,,"{""basis"": ""arxiv_id_month_inferred"", ""is_publication_date"": false, ""precision"": ""month"", ""source_ref"": ""metadata/papers.jsonl:355"", ""uncertainty"": ""由注册表arXiv编号推断提交年月；本次未逐篇核验编号与标题对应，不能代替正式发表时间。"", ""value"": ""2026-06""}",,legacy_unverified,,"[""topic:operator_learning"", ""topic:physics_constraints"", ""topic:uncertainty"", ""topic:data_evaluation""]"
arxiv:2606.14597,paper,Zero-shot generalization of transformer neural operators to larger domains,2606.14597,,"{""basis"": ""arxiv_id_month_inferred"", ""is_publication_date"": false, ""precision"": ""month"", ""source_ref"": ""metadata/papers.jsonl:356"", ""uncertainty"": ""由注册表arXiv编号推断提交年月；本次未逐篇核验编号与标题对应，不能代替正式发表时间。"", ""value"": ""2026-06""}",,legacy_unverified,,"[""topic:representation"", ""topic:operator_learning"", ""topic:multiphysics_pretraining"", ""topic:data_evaluation"", ""topic:adaptation"", ""topic:transformers""]"
arxiv:2606.14913,paper,标题缺失 [arxiv:2606.14913],2606.14913,,"{""basis"": ""arxiv_id_month_inferred"", ""is_publication_date"": false, ""precision"": ""month"", ""source_ref"": ""metadata/papers.jsonl:357"", ""uncertainty"": ""由注册表arXiv编号推断提交年月；本次未逐篇核验编号与标题对应，不能代替正式发表时间。"", ""value"": ""2026-06""}",,legacy_unverified,,[]
arxiv:2606.15512,paper,Towards Data-Efficient Cross-Device Generalization of Grad-Shafranov Equilibria via Transfer Learning Neural Operator,2606.15512,,"{""basis"": ""arxiv_id_month_inferred"", ""is_publication_date"": false, ""precision"": ""month"", ""source_ref"": ""metadata/papers.jsonl:358"", ""uncertainty"": ""由注册表arXiv编号推断提交年月；本次未逐篇核验编号与标题对应，不能代替正式发表时间。"", ""value"": ""2026-06""}",,legacy_unverified,,"[""topic:operator_learning"", ""topic:multiphysics_pretraining"", ""topic:geometry"", ""topic:data_evaluation"", ""topic:adaptation"", ""topic:plasma"", ""topic:efficiency""]"
arxiv:2606.17460,paper,Operator Boosting Produces Pareto-Efficient PDE Surrogates,2606.17460,,"{""basis"": ""arxiv_id_month_inferred"", ""is_publication_date"": false, ""precision"": ""month"", ""source_ref"": ""metadata/papers.jsonl:359"", ""uncertainty"": ""由注册表arXiv编号推断提交年月；本次未逐篇核验编号与标题对应，不能代替正式发表时间。"", ""value"": ""2026-06""}",,legacy_unverified,,"[""topic:representation"", ""topic:operator_learning"", ""topic:physics_constraints"", ""topic:data_evaluation"", ""topic:efficiency""]"
arxiv:2606.17733,paper,标题缺失 [arxiv:2606.17733],2606.17733,,"{""basis"": ""arxiv_id_month_inferred"", ""is_publication_date"": false, ""precision"": ""month"", ""source_ref"": ""metadata/papers.jsonl:360"", ""uncertainty"": ""由注册表arXiv编号推断提交年月；本次未逐篇核验编号与标题对应，不能代替正式发表时间。"", ""value"": ""2026-06""}",,legacy_unverified,,[]
arxiv:2606.18200,paper,A Diagnostic Software Suite for Auditing Learned PDE Simulators,2606.18200,,"{""basis"": ""arxiv_id_month_inferred"", ""is_publication_date"": false, ""precision"": ""month"", ""source_ref"": ""metadata/papers.jsonl:361"", ""uncertainty"": ""由注册表arXiv编号推断提交年月；本次未逐篇核验编号与标题对应，不能代替正式发表时间。"", ""value"": ""2026-06""}",,legacy_unverified,,"[""topic:operator_learning"", ""topic:physics_constraints"", ""topic:data_evaluation"", ""topic:plasma""]"
arxiv:2606.18713,paper,Trainable Photonic Measurement for Physics-Informed PDE Learning,2606.18713,,"{""basis"": ""arxiv_id_month_inferred"", ""is_publication_date"": false, ""precision"": ""month"", ""source_ref"": ""metadata/papers.jsonl:362"", ""uncertainty"": ""由注册表arXiv编号推断提交年月；本次未逐篇核验编号与标题对应，不能代替正式发表时间。"", ""value"": ""2026-06""}",,legacy_unverified,,"[""topic:representation"", ""topic:physics_constraints"", ""topic:data_evaluation""]"
arxiv:2606.21189,paper,TF-SNO: Time-Frequency Gated Spectral Neural Operators for Learning Non-Stationary Partial Differential Equations,2606.21189,,"{""basis"": ""arxiv_id_month_inferred"", ""is_publication_date"": false, ""precision"": ""month"", ""source_ref"": ""metadata/papers.jsonl:363"", ""uncertainty"": ""由注册表arXiv编号推断提交年月；本次未逐篇核验编号与标题对应，不能代替正式发表时间。"", ""value"": ""2026-06""}",,legacy_unverified,,"[""topic:operator_learning"", ""topic:multiscale"", ""topic:data_evaluation""]"
arxiv:2606.21659,paper,Subgrid Modelling for Relativistic Magnetohydrodynamics with Machine Learning,2606.21659,,"{""basis"": ""arxiv_id_month_inferred"", ""is_publication_date"": false, ""precision"": ""month"", ""source_ref"": ""metadata/papers.jsonl:364"", ""uncertainty"": ""由注册表arXiv编号推断提交年月；本次未逐篇核验编号与标题对应，不能代替正式发表时间。"", ""value"": ""2026-06""}",,legacy_unverified,,"[""topic:representation"", ""topic:geometry"", ""topic:long_time"", ""topic:plasma"", ""topic:efficiency""]"
arxiv:2606.25753,paper,Gradient-based inverse lithography for EUV masks via the waveguide method and a physics-informed neural operator,2606.25753,,"{""basis"": ""arxiv_id_month_inferred"", ""is_publication_date"": false, ""precision"": ""month"", ""source_ref"": ""metadata/papers.jsonl:365"", ""uncertainty"": ""由注册表arXiv编号推断提交年月；本次未逐篇核验编号与标题对应，不能代替正式发表时间。"", ""value"": ""2026-06""}",,legacy_unverified,,"[""topic:operator_learning"", ""topic:physics_constraints"", ""topic:hybrid_solvers"", ""topic:radiation_euv"", ""topic:inverse_control""]"
arxiv:2606.27354,paper,Error-Conditioned Neural Solvers,2606.27354,,"{""basis"": ""arxiv_id_month_inferred"", ""is_publication_date"": false, ""precision"": ""month"", ""source_ref"": ""metadata/papers.jsonl:366"", ""uncertainty"": ""由注册表arXiv编号推断提交年月；本次未逐篇核验编号与标题对应，不能代替正式发表时间。"", ""value"": ""2026-06""}",,legacy_unverified,,"[""topic:physics_constraints"", ""topic:long_time"", ""topic:adaptation"", ""topic:optimization""]"
arxiv:2607.01128,paper,GAIA: Geometry-Adaptive Operator Learning for Forward and Inverse Problems,2607.01128,,"{""basis"": ""arxiv_id_month_inferred"", ""is_publication_date"": false, ""precision"": ""month"", ""source_ref"": ""metadata/papers.jsonl:367"", ""uncertainty"": ""由注册表arXiv编号推断提交年月；本次未逐篇核验编号与标题对应，不能代替正式发表时间。"", ""value"": ""2026-07""}",,legacy_unverified,,"[""topic:representation"", ""topic:operator_learning"", ""topic:geometry"", ""topic:data_evaluation"", ""topic:adaptation"", ""topic:transformers"", ""topic:inverse_control""]"
arxiv:2607.02194,paper,An Optimisation Framework for the Well-Conditioned Training of Physics-Informed Neural Networks (DSGNAR),2607.02194,,"{""basis"": ""arxiv_id_month_inferred"", ""is_publication_date"": false, ""precision"": ""month"", ""source_ref"": ""metadata/papers.jsonl:368"", ""uncertainty"": ""由注册表arXiv编号推断提交年月；本次未逐篇核验编号与标题对应，不能代替正式发表时间。"", ""value"": ""2026-07""}",,legacy_unverified,,"[""topic:physics_constraints"", ""topic:multiscale"", ""topic:data_evaluation"", ""topic:adaptation"", ""topic:optimization""]"
arxiv:2607.02715,paper,LiNO: Lifting based multiresolution neural operator,2607.02715,,"{""basis"": ""arxiv_id_month_inferred"", ""is_publication_date"": false, ""precision"": ""month"", ""source_ref"": ""metadata/papers.jsonl:369"", ""uncertainty"": ""由注册表arXiv编号推断提交年月；本次未逐篇核验编号与标题对应，不能代替正式发表时间。"", ""value"": ""2026-07""}",,legacy_unverified,,"[""topic:representation"", ""topic:operator_learning"", ""topic:multiphysics_pretraining"", ""topic:data_evaluation""]"
arxiv:2607.03895,paper,Beam-Level Nonlinear Compton Spectra via a Neural Network Surrogate Model,2607.03895,,"{""basis"": ""arxiv_id_month_inferred"", ""is_publication_date"": false, ""precision"": ""month"", ""source_ref"": ""metadata/papers.jsonl:370"", ""uncertainty"": ""由注册表arXiv编号推断提交年月；本次未逐篇核验编号与标题对应，不能代替正式发表时间。"", ""value"": ""2026-07""}",,legacy_unverified,,"[""topic:data_evaluation"", ""topic:radiation_euv""]"
arxiv:2607.04390,paper,Machine-Learning-Enabled Full-State Reconstruction of Fusion Plasmas from Minimal Sensor Measurements,2607.04390,,"{""basis"": ""arxiv_id_month_inferred"", ""is_publication_date"": false, ""precision"": ""month"", ""source_ref"": ""metadata/papers.jsonl:371"", ""uncertainty"": ""由注册表arXiv编号推断提交年月；本次未逐篇核验编号与标题对应，不能代替正式发表时间。"", ""value"": ""2026-07""}",,legacy_unverified,,"[""topic:representation"", ""topic:plasma"", ""topic:efficiency""]"
arxiv:2607.04491,paper,Generalizable turbulence closures across bluff-body shapes by PINN-based solver-agnostic training,2607.04491,,"{""basis"": ""arxiv_id_month_inferred"", ""is_publication_date"": false, ""precision"": ""month"", ""source_ref"": ""metadata/papers.jsonl:372"", ""uncertainty"": ""由注册表arXiv编号推断提交年月；本次未逐篇核验编号与标题对应，不能代替正式发表时间。"", ""value"": ""2026-07""}",,legacy_unverified,,"[""topic:physics_constraints"", ""topic:geometry"", ""topic:long_time"", ""topic:adaptation"", ""topic:hybrid_solvers""]"
arxiv:2607.04865,paper,Deep Learning Models for ADITYA-U MHD Equilibrium,2607.04865,,"{""basis"": ""arxiv_id_month_inferred"", ""is_publication_date"": false, ""precision"": ""month"", ""source_ref"": ""metadata/papers.jsonl:373"", ""uncertainty"": ""由注册表arXiv编号推断提交年月；本次未逐篇核验编号与标题对应，不能代替正式发表时间。"", ""value"": ""2026-07""}",,legacy_unverified,,"[""topic:physics_constraints"", ""topic:geometry"", ""topic:data_evaluation"", ""topic:plasma""]"
arxiv:2607.07020,paper,Learning Turbulence Closures with Physics-Informed Neural Networks for the Rayleigh-Taylor Transition to Turbulence,2607.07020,,"{""basis"": ""arxiv_id_month_inferred"", ""is_publication_date"": false, ""precision"": ""month"", ""source_ref"": ""metadata/papers.jsonl:374"", ""uncertainty"": ""由注册表arXiv编号推断提交年月；本次未逐篇核验编号与标题对应，不能代替正式发表时间。"", ""value"": ""2026-07""}",,legacy_unverified,,"[""topic:physics_constraints"", ""topic:hybrid_solvers""]"
arxiv:2607.07718,paper,LLT: Local Linear Transformer for PDE Operator Learning,2607.07718,,"{""basis"": ""arxiv_id_month_inferred"", ""is_publication_date"": false, ""precision"": ""month"", ""source_ref"": ""metadata/papers.jsonl:375"", ""uncertainty"": ""由注册表arXiv编号推断提交年月；本次未逐篇核验编号与标题对应，不能代替正式发表时间。"", ""value"": ""2026-07""}",,legacy_unverified,,"[""topic:representation"", ""topic:operator_learning"", ""topic:multiphysics_pretraining"", ""topic:geometry"", ""topic:data_evaluation"", ""topic:adaptation"", ""topic:transformers"", ""topic:efficiency""]"
arxiv:2607.08025,paper,PGD-NO: A Neural Operator with Precomputed Geometry Decomposition for 3D Million-Scale Physics Simulations,2607.08025,,"{""basis"": ""arxiv_id_month_inferred"", ""is_publication_date"": false, ""precision"": ""month"", ""source_ref"": ""metadata/papers.jsonl:376"", ""uncertainty"": ""由注册表arXiv编号推断提交年月；本次未逐篇核验编号与标题对应，不能代替正式发表时间。"", ""value"": ""2026-07""}",,legacy_unverified,,"[""topic:representation"", ""topic:operator_learning"", ""topic:geometry"", ""topic:data_evaluation"", ""topic:efficiency""]"
arxiv:2607.08969,paper,Developing Machine Learning Models of Subgrid Turbulent Transport for Quiet Sun 3D Radiative Hydrodynamic Simulations,2607.08969,,"{""basis"": ""arxiv_id_month_inferred"", ""is_publication_date"": false, ""precision"": ""month"", ""source_ref"": ""metadata/papers.jsonl:377"", ""uncertainty"": ""由注册表arXiv编号推断提交年月；本次未逐篇核验编号与标题对应，不能代替正式发表时间。"", ""value"": ""2026-07""}",,legacy_unverified,,"[""topic:representation"", ""topic:geometry"", ""topic:hybrid_solvers"", ""topic:radiation_euv""]"
arxiv:2607.10965,paper,Structure-preserving variational neural fields: Uncertainty-quantified reduced-order modeling of nonlinear conservation laws,2607.10965,,"{""basis"": ""arxiv_id_month_inferred"", ""is_publication_date"": false, ""precision"": ""month"", ""source_ref"": ""metadata/papers.jsonl:378"", ""uncertainty"": ""由注册表arXiv编号推断提交年月；本次未逐篇核验编号与标题对应，不能代替正式发表时间。"", ""value"": ""2026-07""}",,legacy_unverified,,"[""topic:representation"", ""topic:physics_constraints"", ""topic:uncertainty"", ""topic:adaptation""]"
arxiv:2607.14498,paper,Neural Very Weak Formulations enabling Hardware-Oriented deep PDE solvers,2607.14498,,"{""basis"": ""arxiv_id_month_inferred"", ""is_publication_date"": false, ""precision"": ""month"", ""source_ref"": ""metadata/papers.jsonl:379"", ""uncertainty"": ""由注册表arXiv编号推断提交年月；本次未逐篇核验编号与标题对应，不能代替正式发表时间。"", ""value"": ""2026-07""}",,legacy_unverified,,"[""topic:adaptation""]"
arxiv:2607.15857,paper,Surrogate modeling of drift-reduced Braginskii turbulence with resistivity-conditioned Koopman neural operators,2607.15857,,"{""basis"": ""arxiv_id_month_inferred"", ""is_publication_date"": false, ""precision"": ""month"", ""source_ref"": ""metadata/papers.jsonl:380"", ""uncertainty"": ""由注册表arXiv编号推断提交年月；本次未逐篇核验编号与标题对应，不能代替正式发表时间。"", ""value"": ""2026-07""}",,legacy_unverified,,"[""topic:operator_learning"", ""topic:long_time"", ""topic:plasma""]"
arxiv:2607.18043,paper,Adaptive Mamba Neural Operators,2607.18043,,"{""basis"": ""arxiv_id_month_inferred"", ""is_publication_date"": false, ""precision"": ""month"", ""source_ref"": ""metadata/papers.jsonl:381"", ""uncertainty"": ""由注册表arXiv编号推断提交年月；本次未逐篇核验编号与标题对应，不能代替正式发表时间。"", ""value"": ""2026-07""}",,legacy_unverified,,"[""topic:representation"", ""topic:operator_learning"", ""topic:geometry"", ""topic:adaptation"", ""topic:transformers""]"
arxiv:2607.22280,paper,Neptuna: A Comprehensive Machine Learning Framework for Benchmarking Complex Multiphase Flows,2607.22280,,"{""basis"": ""arxiv_id_month_inferred"", ""is_publication_date"": false, ""precision"": ""month"", ""source_ref"": ""metadata/papers.jsonl:382"", ""uncertainty"": ""由注册表arXiv编号推断提交年月；本次未逐篇核验编号与标题对应，不能代替正式发表时间。"", ""value"": ""2026-07""}",,legacy_unverified,,"[""topic:representation"", ""topic:multiphysics_pretraining"", ""topic:data_evaluation"", ""topic:adaptation"", ""topic:transformers""]"
arxiv:2607.24513,paper,Physics Transformer: Tailoring Transformer for General PDE Prediction,2607.24513,,"{""basis"": ""arxiv_id_month_inferred"", ""is_publication_date"": false, ""precision"": ""month"", ""source_ref"": ""metadata/papers.jsonl:383"", ""uncertainty"": ""由注册表arXiv编号推断提交年月；本次未逐篇核验编号与标题对应，不能代替正式发表时间。"", ""value"": ""2026-07""}",,legacy_unverified,,"[""topic:representation"", ""topic:multiphysics_pretraining"", ""topic:data_evaluation"", ""topic:transformers""]"
arxiv:2608.07053,paper,Unsupervised Adaptation of PDE Foundation Models,2608.07053,,"{""basis"": ""arxiv_id_month_inferred"", ""is_publication_date"": false, ""precision"": ""month"", ""source_ref"": ""metadata/papers.jsonl:384"", ""uncertainty"": ""由注册表arXiv编号推断提交年月；本次未逐篇核验编号与标题对应，不能代替正式发表时间。"", ""value"": ""2026-08""}",,legacy_unverified,,"[""topic:representation"", ""topic:multiphysics_pretraining"", ""topic:physics_constraints"", ""topic:adaptation"", ""topic:transformers""]"
arxiv:2608.08134,paper,Rational Neural Networks for Tracking Complex Singularities of Nonlinear PDEs,2608.08134,,"{""basis"": ""arxiv_id_month_inferred"", ""is_publication_date"": false, ""precision"": ""month"", ""source_ref"": ""metadata/papers.jsonl:385"", ""uncertainty"": ""由注册表arXiv编号推断提交年月；本次未逐篇核验编号与标题对应，不能代替正式发表时间。"", ""value"": ""2026-08""}",,legacy_unverified,,"[""topic:representation"", ""topic:multiphysics_pretraining"", ""topic:physics_constraints"", ""topic:adaptation""]"
arxiv:2608.10234,paper,The Kuramoto Neural Operator: Learning to Solve PDEs via Coupled Oscillator Dynamics,2608.10234,,"{""basis"": ""arxiv_id_month_inferred"", ""is_publication_date"": false, ""precision"": ""month"", ""source_ref"": ""metadata/papers.jsonl:386"", ""uncertainty"": ""由注册表arXiv编号推断提交年月；本次未逐篇核验编号与标题对应，不能代替正式发表时间。"", ""value"": ""2026-08""}",,legacy_unverified,,"[""topic:representation"", ""topic:operator_learning"", ""topic:multiphysics_pretraining"", ""topic:data_evaluation"", ""topic:adaptation"", ""topic:theory"", ""topic:transformers""]"
arxiv:2608.11572,paper,RECAST: A Machine-Learning Framework for Correction and Super-Resolution of Coarse-Grid PDE Solvers,2608.11572,,"{""basis"": ""arxiv_id_month_inferred"", ""is_publication_date"": false, ""precision"": ""month"", ""source_ref"": ""metadata/papers.jsonl:387"", ""uncertainty"": ""由注册表arXiv编号推断提交年月；本次未逐篇核验编号与标题对应，不能代替正式发表时间。"", ""value"": ""2026-08""}",,legacy_unverified,,"[""topic:representation"", ""topic:multiphysics_pretraining"", ""topic:geometry"", ""topic:hybrid_solvers""]"
arxiv:2608.11937,paper,Distillation of Foundation Models for Time-dependent PDEs,2608.11937,,"{""basis"": ""arxiv_id_month_inferred"", ""is_publication_date"": false, ""precision"": ""month"", ""source_ref"": ""metadata/papers.jsonl:388"", ""uncertainty"": ""由注册表arXiv编号推断提交年月；本次未逐篇核验编号与标题对应，不能代替正式发表时间。"", ""value"": ""2026-08""}",,legacy_unverified,,"[""topic:representation"", ""topic:multiphysics_pretraining"", ""topic:long_time"", ""topic:adaptation""]"
arxiv:2608.21677,paper,"Read, Write, Relax: Why Neural PDE Surrogates Need Both Global and Local Processing",2608.21677,,"{""basis"": ""arxiv_id_month_inferred"", ""is_publication_date"": false, ""precision"": ""month"", ""source_ref"": ""metadata/papers.jsonl:389"", ""uncertainty"": ""由注册表arXiv编号推断提交年月；本次未逐篇核验编号与标题对应，不能代替正式发表时间。"", ""value"": ""2026-08""}",,legacy_unverified,,"[""topic:representation"", ""topic:multiphysics_pretraining"", ""topic:geometry"", ""topic:data_evaluation"", ""topic:adaptation"", ""topic:hybrid_solvers"", ""topic:theory"", ""topic:transformers""]"
arxiv:2608.23546,paper,Inertial Manifold Neural Operator for Dissipative Time-Dependent Partial Differential Equations,2608.23546,,"{""basis"": ""arxiv_id_month_inferred"", ""is_publication_date"": false, ""precision"": ""month"", ""source_ref"": ""metadata/papers.jsonl:390"", ""uncertainty"": ""由注册表arXiv编号推断提交年月；本次未逐篇核验编号与标题对应，不能代替正式发表时间。"", ""value"": ""2026-08""}",,legacy_unverified,,"[""topic:operator_learning"", ""topic:multiphysics_pretraining"", ""topic:long_time"", ""topic:adaptation"", ""topic:theory""]"
arxiv:2609.00297,paper,Geometry-aware Latent Autoregressive Generative Model for PDEs in Complex Domains（GeoLAMP）,2609.00297,,"{""basis"": ""arxiv_id_month_inferred"", ""is_publication_date"": false, ""precision"": ""month"", ""source_ref"": ""metadata/papers.jsonl:391"", ""uncertainty"": ""由注册表arXiv编号推断提交年月；本次未逐篇核验编号与标题对应，不能代替正式发表时间。"", ""value"": ""2026-09""}",,legacy_unverified,,"[""topic:representation"", ""topic:multiphysics_pretraining"", ""topic:geometry"", ""topic:long_time"", ""topic:generative"", ""topic:data_evaluation"", ""topic:adaptation"", ""topic:transformers""]"
arxiv:2609.07814,paper,Latent-MoE: Domain-Aware Mixture-of-Experts for PDEs with Multi-Regime Physics,2609.07814,,"{""basis"": ""arxiv_id_month_inferred"", ""is_publication_date"": false, ""precision"": ""month"", ""source_ref"": ""metadata/papers.jsonl:392"", ""uncertainty"": ""由注册表arXiv编号推断提交年月；本次未逐篇核验编号与标题对应，不能代替正式发表时间。"", ""value"": ""2026-09""}",,legacy_unverified,,"[""topic:representation"", ""topic:multiphysics_pretraining"", ""topic:physics_constraints"", ""topic:data_evaluation"", ""topic:adaptation"", ""topic:theory"", ""topic:efficiency""]"
arxiv:2609.12301,paper,PDE-constrained inverse problems at the √n rate via debiased physics-informed neural networks,2609.12301,,"{""basis"": ""arxiv_id_month_inferred"", ""is_publication_date"": false, ""precision"": ""month"", ""source_ref"": ""metadata/papers.jsonl:393"", ""uncertainty"": ""由注册表arXiv编号推断提交年月；本次未逐篇核验编号与标题对应，不能代替正式发表时间。"", ""value"": ""2026-09""}",abstract_checked,source_checked,,"[""topic:operator_learning"", ""topic:multiphysics_pretraining"", ""topic:physics_constraints"", ""topic:multiscale"", ""topic:uncertainty"", ""topic:adaptation"", ""topic:theory"", ""topic:inverse_control""]"
arxiv:2609.15432,paper,Single-condition neural solvers encode transferable response spaces for parametric differential equations,2609.15432,,"{""basis"": ""arxiv_id_month_inferred"", ""is_publication_date"": false, ""precision"": ""month"", ""source_ref"": ""metadata/papers.jsonl:394"", ""uncertainty"": ""由注册表arXiv编号推断提交年月；本次未逐篇核验编号与标题对应，不能代替正式发表时间。"", ""value"": ""2026-09""}",abstract_checked,source_checked,,"[""topic:representation"", ""topic:operator_learning"", ""topic:multiphysics_pretraining"", ""topic:physics_constraints"", ""topic:data_evaluation"", ""topic:adaptation"", ""topic:theory""]"
arxiv:2609.15620,paper,Where to Compute and How to Interact: Operator-Readable Adaptation with Gauge-Aware Transport,2609.15620,,"{""basis"": ""arxiv_id_month_inferred"", ""is_publication_date"": false, ""precision"": ""month"", ""source_ref"": ""metadata/papers.jsonl:395"", ""uncertainty"": ""由注册表arXiv编号推断提交年月；本次未逐篇核验编号与标题对应，不能代替正式发表时间。"", ""value"": ""2026-09""}",abstract_checked,source_checked,,"[""topic:representation"", ""topic:operator_learning"", ""topic:multiphysics_pretraining"", ""topic:in_context"", ""topic:geometry"", ""topic:multiscale"", ""topic:data_evaluation"", ""topic:adaptation""]"
arxiv:2609.16621,paper,Stable by Construction: Variational Latent Markov Operators for Long-Horizon PDE Prediction,2609.16621,,"{""basis"": ""arxiv_id_month_inferred"", ""is_publication_date"": false, ""precision"": ""month"", ""source_ref"": ""metadata/papers.jsonl:396"", ""uncertainty"": ""由注册表arXiv编号推断提交年月；本次未逐篇核验编号与标题对应，不能代替正式发表时间。"", ""value"": ""2026-09""}",abstract_checked,source_checked,,"[""topic:representation"", ""topic:operator_learning"", ""topic:multiphysics_pretraining"", ""topic:long_time"", ""topic:data_evaluation"", ""topic:adaptation""]"
arxiv:2609.20814,paper,How Does Distribution Shift Shape Pretraining Gains in Neural PDE Surrogates?,2609.20814,,"{""basis"": ""arxiv_id_month_inferred"", ""is_publication_date"": false, ""precision"": ""month"", ""source_ref"": ""metadata/papers.jsonl:397"", ""uncertainty"": ""由注册表arXiv编号推断提交年月；本次未逐篇核验编号与标题对应，不能代替正式发表时间。"", ""value"": ""2026-09""}",abstract_checked,source_checked,,"[""topic:multiphysics_pretraining"", ""topic:geometry"", ""topic:adaptation""]"
doi:10.1007/s00366-025-02174-4,paper,Multistage physics informed neural network for solving coupled multiphysics problems in material degradation and fluid dynamics,,10.1007/s00366-025-02174-4,"{""basis"": ""publication_date_recorded_unverified"", ""is_publication_date"": true, ""precision"": ""recorded"", ""source_ref"": ""metadata/history/2026-09-12/published_papers_2026_W27.jsonl:6"", ""uncertainty"": ""沿用本地发表日期，存在冲突时未裁决；未外部复验。"", ""value"": ""2025-06-29""}",,legacy_unverified,,"[""topic:physics_constraints""]"
doi:10.1016/j.cma.2023.116277,paper,Novel DeepONet architecture to predict stresses in elastoplastic structures with variable complex geometries and loads,,10.1016/j.cma.2023.116277,"{""basis"": ""publication_date_recorded_unverified"", ""is_publication_date"": true, ""precision"": ""recorded"", ""source_ref"": ""metadata/history/2026-09-12/published_papers_2026_W27.jsonl:5"", ""uncertainty"": ""沿用本地发表日期，存在冲突时未裁决；未外部复验。"", ""value"": ""2023-10-01""}",,legacy_unverified,,"[""topic:operator_learning"", ""topic:geometry""]"
doi:10.1016/j.cma.2024.117135,paper,Interface PINNs (I-PINNs): A physics-informed neural networks framework for interface problems,,10.1016/j.cma.2024.117135,"{""basis"": ""publication_date_recorded_unverified"", ""is_publication_date"": true, ""precision"": ""recorded"", ""source_ref"": ""metadata/history/2026-09-12/published_papers_2026_W25.jsonl:6"", ""uncertainty"": ""沿用本地发表日期，存在冲突时未裁决；未外部复验。"", ""value"": ""2024-09-01""}",,legacy_unverified,,"[""topic:physics_constraints"", ""topic:efficiency""]"
doi:10.1016/j.cma.2026.118851,paper,Information-Coupled neural operator for computational mechanics and parametric PDEs,,10.1016/j.cma.2026.118851,"{""basis"": ""publication_date_recorded_unverified"", ""is_publication_date"": true, ""precision"": ""recorded"", ""source_ref"": ""metadata/history/2026-09-12/published_papers_2026_W30.jsonl:8"", ""uncertainty"": ""沿用本地发表日期，存在冲突时未裁决；未外部复验。"", ""value"": ""2026-05-01""}",,legacy_unverified,,"[""topic:operator_learning"", ""topic:multiscale""]"
doi:10.1016/j.cma.2026.118910,paper,A flow-aware training strategy for physics-informed neural networks,,10.1016/j.cma.2026.118910,"{""basis"": ""publication_date_recorded_unverified"", ""is_publication_date"": true, ""precision"": ""recorded"", ""source_ref"": ""metadata/history/2026-09-12/published_papers_2026_W26.jsonl:5"", ""uncertainty"": ""沿用本地发表日期，存在冲突时未裁决；未外部复验。"", ""value"": ""2026-06-15""}",,legacy_unverified,,"[""topic:physics_constraints""]"
doi:10.1016/j.cpc.2025.109611,paper,TRANSP integrated modeling code for interpretive and predictive analysis of tokamak plasmas,,10.1016/j.cpc.2025.109611,"{""basis"": ""publication_date_recorded_unverified"", ""is_publication_date"": true, ""precision"": ""recorded"", ""source_ref"": ""metadata/history/2026-09-12/published_papers_2026_W28.jsonl:1"", ""uncertainty"": ""沿用本地发表日期，存在冲突时未裁决；未外部复验。"", ""value"": ""2025""}",,legacy_unverified,,"[""topic:plasma""]"
doi:10.1016/j.engappai.2026.114457,paper,A geometry-adaptive physics-informed operator framework generalized for arbitrary geometries,,10.1016/j.engappai.2026.114457,"{""basis"": ""publication_date_recorded_unverified"", ""is_publication_date"": true, ""precision"": ""recorded"", ""source_ref"": ""metadata/history/2026-09-12/published_papers.jsonl:39"", ""uncertainty"": ""沿用本地发表日期，存在冲突时未裁决；未外部复验。"", ""value"": ""2026-06-15""}",,legacy_unverified,,"[""topic:operator_learning"", ""topic:physics_constraints"", ""topic:geometry"", ""topic:adaptation""]"
doi:10.1016/j.hedp.2025.101199,paper,Deep learning surrogate models to solve time-dependent NLTE absorption and emission spectra,,10.1016/j.hedp.2025.101199,"{""basis"": ""publication_date_recorded_unverified"", ""is_publication_date"": true, ""precision"": ""recorded"", ""source_ref"": ""metadata/history/2026-09-12/published_papers_2026_W25.jsonl:9"", ""uncertainty"": ""沿用本地发表日期，存在冲突时未裁决；未外部复验。"", ""value"": ""2025-09-01""}",,legacy_unverified,,"[""topic:plasma"", ""topic:radiation_euv""]"
doi:10.1016/j.jcp.2023.112536,paper,SONets: Sub-operator learning enhanced neural networks for solving parametric partial differential equations,,10.1016/j.jcp.2023.112536,"{""basis"": ""publication_date_recorded_unverified"", ""is_publication_date"": true, ""precision"": ""recorded"", ""source_ref"": ""metadata/history/2026-09-12/published_papers_2026_W27.jsonl:3"", ""uncertainty"": ""沿用本地发表日期，存在冲突时未裁决；未外部复验。"", ""value"": ""2023-12-15""}",,legacy_unverified,,"[""topic:operator_learning""]"
doi:10.1016/j.jcp.2024.113284,paper,f-PICNN: a physics-informed convolutional neural network for partial differential equations with space-time domain,,10.1016/j.jcp.2024.113284,"{""basis"": ""publication_date_recorded_unverified"", ""is_publication_date"": true, ""precision"": ""recorded"", ""source_ref"": ""metadata/history/2026-09-12/published_papers_2026_W27.jsonl:4"", ""uncertainty"": ""沿用本地发表日期，存在冲突时未裁决；未外部复验。"", ""value"": ""2024-10-15""}",,legacy_unverified,,"[""topic:physics_constraints""]"
doi:10.1016/j.jcp.2025.113919,paper,Learning to solve PDEs with finite volume-informed neural networks in a data-free approach,,10.1016/j.jcp.2025.113919,"{""basis"": ""publication_date_recorded_unverified"", ""is_publication_date"": true, ""precision"": ""recorded"", ""source_ref"": ""metadata/history/2026-09-12/published_papers_2026_W27.jsonl:10"", ""uncertainty"": ""沿用本地发表日期，存在冲突时未裁决；未外部复验。"", ""value"": ""2025-06-01""}",,legacy_unverified,,[]
doi:10.1016/j.jcp.2025.114137,paper,"DGenNO: a novel physics-aware neural operator for solving forward and inverse PDE problems based on deep, generative probabilistic modeling",,10.1016/j.jcp.2025.114137,"{""basis"": ""publication_date_recorded_unverified"", ""is_publication_date"": true, ""precision"": ""recorded"", ""source_ref"": ""metadata/history/2026-09-12/published_papers_2026_W27.jsonl:12"", ""uncertainty"": ""沿用本地发表日期，存在冲突时未裁决；未外部复验。"", ""value"": ""2025-10-01""}",,legacy_unverified,,"[""topic:representation"", ""topic:operator_learning"", ""topic:generative"", ""topic:uncertainty"", ""topic:inverse_control""]"
doi:10.1016/j.jcp.2025.114272,paper,DeepOMamba: State-space model for spatio-temporal PDE neural operator learning,,10.1016/j.jcp.2025.114272,"{""basis"": ""publication_date_recorded_unverified"", ""is_publication_date"": true, ""precision"": ""recorded"", ""source_ref"": ""metadata/history/2026-09-12/published_papers_2026_W25.jsonl:4"", ""uncertainty"": ""沿用本地发表日期，存在冲突时未裁决；未外部复验。"", ""value"": ""2025-11-01""}",,legacy_unverified,,"[""topic:operator_learning"", ""topic:long_time"", ""topic:transformers"", ""topic:efficiency""]"
doi:10.1016/j.jcp.2026.114745,paper,EquiNO: A physics-informed neural operator for multiscale simulations,,10.1016/j.jcp.2026.114745,"{""basis"": ""publication_date_recorded_unverified"", ""is_publication_date"": true, ""precision"": ""recorded"", ""source_ref"": ""metadata/history/2026-09-12/published_papers_2026_W30.jsonl:7"", ""uncertainty"": ""沿用本地发表日期，存在冲突时未裁决；未外部复验。"", ""value"": ""2026-06-01""}",,legacy_unverified,,"[""topic:operator_learning"", ""topic:physics_constraints""]"
doi:10.1016/j.jcp.2026.114750,paper,A machine learning method for solving PDEs with a robust initial learning rate based on Lagrange multiplier optimization,,10.1016/j.jcp.2026.114750,"{""basis"": ""publication_date_recorded_unverified"", ""is_publication_date"": true, ""precision"": ""recorded"", ""source_ref"": ""metadata/history/2026-09-12/published_papers_2026_W26.jsonl:6"", ""uncertainty"": ""沿用本地发表日期，存在冲突时未裁决；未外部复验。"", ""value"": ""2026-06-01""}",,legacy_unverified,,"[""topic:optimization""]"
doi:10.1016/j.jcp.2026.114760,paper,HyMeshAI: Deep learning enabled three-dimensional adaptive mesh generator for high-resolution atmospheric simulations,,10.1016/j.jcp.2026.114760,"{""basis"": ""publication_date_recorded_unverified"", ""is_publication_date"": true, ""precision"": ""recorded"", ""source_ref"": ""metadata/history/2026-09-12/published_papers_2026_W26.jsonl:10"", ""uncertainty"": ""沿用本地发表日期，存在冲突时未裁决；未外部复验。"", ""value"": ""2026-06-01""}",,legacy_unverified,,"[""topic:geometry"", ""topic:adaptation""]"
doi:10.1016/j.jcp.2026.114761,paper,Noise-robust multi-fidelity surrogate modelling for parametric partial differential equations,,10.1016/j.jcp.2026.114761,"{""basis"": ""publication_date_recorded_unverified"", ""is_publication_date"": true, ""precision"": ""recorded"", ""source_ref"": ""metadata/history/2026-09-12/published_papers_2026_W26.jsonl:11"", ""uncertainty"": ""沿用本地发表日期，存在冲突时未裁决；未外部复验。"", ""value"": ""2026-06-01""}",,legacy_unverified,,"[""topic:uncertainty""]"
doi:10.1016/j.jcp.2026.114844,paper,MD-PNOP: Equation-recast neural operators for minimal-data extrapolation and PDE solver acceleration,,10.1016/j.jcp.2026.114844,"{""basis"": ""publication_date_recorded_unverified"", ""is_publication_date"": true, ""precision"": ""recorded"", ""source_ref"": ""metadata/history/2026-09-12/published_papers_2026_W30.jsonl:5"", ""uncertainty"": ""沿用本地发表日期，存在冲突时未裁决；未外部复验。"", ""value"": ""2026-07-15""}",,legacy_unverified,,"[""topic:operator_learning"", ""topic:efficiency""]"
doi:10.1016/j.neunet.2026.108845,paper,PGMNO: A physics-Guided mamba neural operator framework for partial differential equations,,10.1016/j.neunet.2026.108845,"{""basis"": ""publication_date_recorded_unverified"", ""is_publication_date"": true, ""precision"": ""recorded"", ""source_ref"": ""metadata/history/2026-09-12/published_papers.jsonl:40"", ""uncertainty"": ""沿用本地发表日期，存在冲突时未裁决；未外部复验。"", ""value"": ""2026-03-21""}",,legacy_unverified,,"[""topic:operator_learning"", ""topic:long_time"", ""topic:data_evaluation"", ""topic:transformers"", ""topic:efficiency""]"
doi:10.1016/j.neunet.2026.109040,paper,Multi-particle neural operator transformer for solving partial differential equations,,10.1016/j.neunet.2026.109040,"{""basis"": ""publication_date_recorded_unverified"", ""is_publication_date"": true, ""precision"": ""recorded"", ""source_ref"": ""metadata/history/2026-09-12/published_papers.jsonl:42"", ""uncertainty"": ""沿用本地发表日期，存在冲突时未裁决；未外部复验。"", ""value"": ""2026-04-25""}",,legacy_unverified,,"[""topic:operator_learning"", ""topic:transformers""]"
doi:10.1016/j.ymssp.2026.114195,paper,Separated-variable physics informed neural operators for solving dynamic PDEs,,10.1016/j.ymssp.2026.114195,"{""basis"": ""publication_date_recorded_unverified"", ""is_publication_date"": true, ""precision"": ""recorded"", ""source_ref"": ""metadata/history/2026-09-12/published_papers.jsonl:38"", ""uncertainty"": ""沿用本地发表日期，存在冲突时未裁决；未外部复验。"", ""value"": ""2026-05-01""}",,legacy_unverified,,"[""topic:operator_learning"", ""topic:physics_constraints"", ""topic:multiscale"", ""topic:data_evaluation"", ""topic:efficiency""]"
doi:10.1017/s0022377824000679,paper,A physics-constrained deep learning surrogate model of the runaway electron avalanche growth rate,,10.1017/s0022377824000679,"{""basis"": ""publication_date_recorded_unverified"", ""is_publication_date"": true, ""precision"": ""recorded"", ""source_ref"": ""metadata/history/2026-09-12/published_papers_2026_W29.jsonl:10"", ""uncertainty"": ""沿用本地发表日期，存在冲突时未裁决；未外部复验。"", ""value"": ""2024-08-01""}",,legacy_unverified,,"[""topic:plasma""]"
doi:10.1038/s41524-026-02112-y,paper,A multi-fidelity Bayesian neural operator for mechanics of spinodal metamaterial,,10.1038/s41524-026-02112-y,"{""basis"": ""publication_date_recorded_unverified"", ""is_publication_date"": true, ""precision"": ""recorded"", ""source_ref"": ""metadata/history/2026-09-12/published_papers_2026_W30.jsonl:10"", ""uncertainty"": ""沿用本地发表日期，存在冲突时未裁决；未外部复验。"", ""value"": ""2026-05-13""}",,legacy_unverified,,"[""topic:operator_learning"", ""topic:uncertainty""]"
doi:10.1038/s41586-023-06735-9,paper,Scaling deep learning for materials discovery,,10.1038/s41586-023-06735-9,"{""basis"": ""publication_date_recorded_unverified"", ""is_publication_date"": true, ""precision"": ""recorded"", ""source_ref"": ""metadata/history/2026-09-12/published_papers.jsonl:9"", ""uncertainty"": ""沿用本地发表日期，存在冲突时未裁决；未外部复验。"", ""value"": ""2023-11-29""}",,legacy_unverified,,"[""topic:optimization""]"
doi:10.1038/s41586-024-07744-y,paper,Neural general circulation models for weather and climate,,10.1038/s41586-024-07744-y,"{""basis"": ""publication_date_recorded_unverified"", ""is_publication_date"": true, ""precision"": ""recorded"", ""source_ref"": ""metadata/history/2026-09-12/published_papers.jsonl:1"", ""uncertainty"": ""沿用本地发表日期，存在冲突时未裁决；未外部复验。"", ""value"": ""2024-07-22""}",,legacy_unverified,,[]
doi:10.1038/s41586-024-08252-9,paper,Probabilistic weather forecasting with machine learning,,10.1038/s41586-024-08252-9,"{""basis"": ""publication_date_recorded_unverified"", ""is_publication_date"": true, ""precision"": ""recorded"", ""source_ref"": ""metadata/history/2026-09-12/published_papers.jsonl:3"", ""uncertainty"": ""沿用本地发表日期，存在冲突时未裁决；未外部复验。"", ""value"": ""2024-12-04""}",,legacy_unverified,,"[""topic:generative""]"
doi:10.1038/s42254-024-00712-5,paper,Neural operators for accelerating scientific simulations and design,,10.1038/s42254-024-00712-5,"{""basis"": ""publication_date_recorded_unverified"", ""is_publication_date"": true, ""precision"": ""recorded"", ""source_ref"": ""metadata/history/2026-09-12/published_papers.jsonl:10"", ""uncertainty"": ""沿用本地发表日期，存在冲突时未裁决；未外部复验。"", ""value"": ""2024-04-08""}",,legacy_unverified,,"[""topic:operator_learning"", ""topic:efficiency""]"
doi:10.1038/s42256-026-01233-9,paper,Deep neural operator for free boundary problems,,10.1038/s42256-026-01233-9,"{""basis"": ""publication_date_recorded_unverified"", ""is_publication_date"": true, ""precision"": ""recorded"", ""source_ref"": ""metadata/history/2026-09-12/published_papers_2026_W30.jsonl:2"", ""uncertainty"": ""沿用本地发表日期，存在冲突时未裁决；未外部复验。"", ""value"": ""2026-05-21""}",,legacy_unverified,,"[""topic:operator_learning""]"
doi:10.1038/s42256-026-01265-1,paper,Enabling local neural operators to perform equation-free system-level analysis,,10.1038/s42256-026-01265-1,"{""basis"": ""publication_date_recorded_unverified"", ""is_publication_date"": true, ""precision"": ""recorded"", ""source_ref"": ""metadata/history/2026-09-12/published_papers_2026_W30.jsonl:1"", ""uncertainty"": ""沿用本地发表日期，存在冲突时未裁决；未外部复验。"", ""value"": ""2026-07-15""}",,legacy_unverified,,"[""topic:operator_learning"", ""topic:long_time""]"
doi:10.1038/s42256-026-01267-z,paper,Principled approaches for extending neural architectures to function spaces for operator learning,,10.1038/s42256-026-01267-z,"{""basis"": ""publication_date_recorded_unverified"", ""is_publication_date"": true, ""precision"": ""recorded"", ""source_ref"": ""metadata/history/2026-09-12/published_papers_2026_W30.jsonl:4"", ""uncertainty"": ""沿用本地发表日期，存在冲突时未裁决；未外部复验。"", ""value"": ""2026-07-03""}",,legacy_unverified,,"[""topic:operator_learning""]"
doi:10.1038/s43588-026-00974-2,paper,NOEM: efficient and scalable finite element method enabled by reusable neural operators,,10.1038/s43588-026-00974-2,"{""basis"": ""publication_date_recorded_unverified"", ""is_publication_date"": true, ""precision"": ""recorded"", ""source_ref"": ""metadata/history/2026-09-12/published_papers_2026_W30.jsonl:3"", ""uncertainty"": ""沿用本地发表日期，存在冲突时未裁决；未外部复验。"", ""value"": ""2026-04-28""}",,legacy_unverified,,"[""topic:operator_learning"", ""topic:efficiency""]"
doi:10.1063/5.0242129,paper,Temperature prediction of high-temperature and high-enthalpy plasma generators based on machine learning,,10.1063/5.0242129,"{""basis"": ""publication_date_recorded_unverified"", ""is_publication_date"": true, ""precision"": ""recorded"", ""source_ref"": ""metadata/history/2026-09-12/published_papers_2026_W25.jsonl:10"", ""uncertainty"": ""沿用本地发表日期，存在冲突时未裁决；未外部复验。"", ""value"": ""2025-01-16""}",,legacy_unverified,,"[""topic:plasma""]"
doi:10.1063/5.0325461,paper,A review of machine learning-driven studies of tearing modes in tokamaks,,10.1063/5.0325461,"{""basis"": ""publication_date_recorded_unverified"", ""is_publication_date"": true, ""precision"": ""recorded"", ""source_ref"": ""metadata/history/2026-09-12/published_papers_2026_W29.jsonl:12"", ""uncertainty"": ""沿用本地发表日期，存在冲突时未裁决；未外部复验。"", ""value"": ""2026-05-12""}",,legacy_unverified,,"[""topic:plasma""]"
doi:10.1063/5.0327449,paper,Spectral modal operator learning framework with decoupled spatial and temporal representations for unsteady flows,,10.1063/5.0327449,"{""basis"": ""publication_date_recorded_unverified"", ""is_publication_date"": true, ""precision"": ""recorded"", ""source_ref"": ""metadata/history/2026-09-12/published_papers.jsonl:63"", ""uncertainty"": ""沿用本地发表日期，存在冲突时未裁决；未外部复验。"", ""value"": ""2026-06-22""}",,legacy_unverified,,"[""topic:representation"", ""topic:operator_learning"", ""topic:multiscale""]"
doi:10.1088/2632-2153/ae2bbc,paper,Hermite neural operator for solving partial differential equations on unbounded domains,,10.1088/2632-2153/ae2bbc,"{""basis"": ""publication_date_recorded_unverified"", ""is_publication_date"": true, ""precision"": ""recorded"", ""source_ref"": ""metadata/history/2026-09-12/published_papers.jsonl:41"", ""uncertainty"": ""沿用本地发表日期，存在冲突时未裁决；未外部复验。"", ""value"": ""2026-01-07""}",,legacy_unverified,,"[""topic:representation"", ""topic:operator_learning"", ""topic:multiscale""]"
doi:10.1126/science.adi2336,paper,Learning skillful medium-range global weather forecasting,,10.1126/science.adi2336,"{""basis"": ""publication_date_recorded_unverified"", ""is_publication_date"": true, ""precision"": ""recorded"", ""source_ref"": ""metadata/history/2026-09-12/published_papers.jsonl:5"", ""uncertainty"": ""沿用本地发表日期，存在冲突时未裁决；未外部复验。"", ""value"": ""2023-12-22""}",,legacy_unverified,,[]
doi:10.1137/23m1623707,paper,Finite Element Operator Network for Solving Elliptic-Type Parametric PDEs,,10.1137/23m1623707,"{""basis"": ""publication_date_recorded_unverified"", ""is_publication_date"": true, ""precision"": ""recorded"", ""source_ref"": ""metadata/history/2026-09-12/published_papers_2026_W29.jsonl:5"", ""uncertainty"": ""沿用本地发表日期，存在冲突时未裁决；未外部复验。"", ""value"": ""2025-04-01""}",,conflict_pending,,"[""topic:operator_learning"", ""topic:theory"", ""topic:efficiency""]"
doi:10.1137/24m1675254,paper,Solving Forward and Inverse Partial Differential Equation Problems on Unknown Manifolds via Physics-Informed Neural Operators,,10.1137/24m1675254,"{""basis"": ""publication_date_recorded_unverified"", ""is_publication_date"": true, ""precision"": ""recorded"", ""source_ref"": ""metadata/history/2026-09-12/published_papers.jsonl:37"", ""uncertainty"": ""沿用本地发表日期，存在冲突时未裁决；未外部复验。"", ""value"": ""2026-02-09""}",,legacy_unverified,,"[""topic:operator_learning"", ""topic:physics_constraints"", ""topic:geometry"", ""topic:uncertainty"", ""topic:adaptation"", ""topic:optimization"", ""topic:inverse_control"", ""topic:efficiency""]"
doi:10.1137/24m1709601,paper,Multiscale Neural Networks for Approximating Green’s Functions,,10.1137/24m1709601,"{""basis"": ""publication_date_recorded_unverified"", ""is_publication_date"": true, ""precision"": ""recorded"", ""source_ref"": ""metadata/history/2026-09-12/published_papers_2026_W26.jsonl:2"", ""uncertainty"": ""沿用本地发表日期，存在冲突时未裁决；未外部复验。"", ""value"": ""2026-04-06""}",,legacy_unverified,,[]
doi:10.1137/25m1752055,paper,Neural Network Tearing and Interconnecting Methods for PDEs,,10.1137/25m1752055,"{""basis"": ""publication_date_recorded_unverified"", ""is_publication_date"": true, ""precision"": ""recorded"", ""source_ref"": ""metadata/history/2026-09-12/published_papers_2026_W30.jsonl:11"", ""uncertainty"": ""沿用本地发表日期，存在冲突时未裁决；未外部复验。"", ""value"": ""2026-06-17""}",,legacy_unverified,,"[""topic:efficiency""]"
doi:10.1137/25m1769995,paper,Rank-Inspired Neural Network for Solving Partial Differential Equations,,10.1137/25m1769995,"{""basis"": ""publication_date_recorded_unverified"", ""is_publication_date"": true, ""precision"": ""recorded"", ""source_ref"": ""metadata/history/2026-09-12/published_papers_2026_W26.jsonl:3"", ""uncertainty"": ""沿用本地发表日期，存在冲突时未裁决；未外部复验。"", ""value"": ""2026-05-06""}",,legacy_unverified,,"[""topic:physics_constraints""]"
doi:10.1364/cleo_si.2024.sth3j.4,paper,Fast and Generalizable Light Field Propagation Modelling in Optical Fiber by Physics-Informed Neural Operator,,10.1364/cleo_si.2024.sth3j.4,"{""basis"": ""publication_date_recorded_unverified"", ""is_publication_date"": true, ""precision"": ""recorded"", ""source_ref"": ""metadata/history/2026-09-12/published_papers_2026_W29.jsonl:11"", ""uncertainty"": ""沿用本地发表日期，存在冲突时未裁决；未外部复验。"", ""value"": ""2024-05-05""}",,legacy_unverified,,"[""topic:operator_learning"", ""topic:physics_constraints"", ""topic:adaptation""]"
doi:10.52202/079017-0003,paper,How does PDE order affect the convergence of PINNs?,,10.52202/079017-0003,"{""basis"": ""publication_date_recorded_unverified"", ""is_publication_date"": true, ""precision"": ""recorded"", ""source_ref"": ""metadata/history/2026-09-12/published_papers.jsonl:24"", ""uncertainty"": ""沿用本地发表日期，存在冲突时未裁决；未外部复验。"", ""value"": ""2024-12-10""}",,legacy_unverified,,"[""topic:physics_constraints"", ""topic:theory""]"
doi:10.52202/079017-0431,paper,AROMA: Preserving Spatial Structure for Latent PDE Modeling with Local Neural Fields,,10.52202/079017-0431,"{""basis"": ""publication_date_recorded_unverified"", ""is_publication_date"": true, ""precision"": ""recorded"", ""source_ref"": ""metadata/history/2026-09-12/published_papers.jsonl:25"", ""uncertainty"": ""沿用本地发表日期，存在冲突时未裁决；未外部复验。"", ""value"": ""2024-12-10""}",,legacy_unverified,,"[""topic:representation""]"
doi:10.52202/079017-0732,paper,On conditional diffusion models for PDE simulations,,10.52202/079017-0732,"{""basis"": ""publication_date_recorded_unverified"", ""is_publication_date"": true, ""precision"": ""recorded"", ""source_ref"": ""metadata/history/2026-09-12/published_papers.jsonl:26"", ""uncertainty"": ""沿用本地发表日期，存在冲突时未裁决；未外部复验。"", ""value"": ""2024-12-10""}",,legacy_unverified,,"[""topic:generative"", ""topic:optimization""]"
doi:10.52202/079017-1430,paper,The Well: a Large-Scale Collection of Diverse Physics Simulations for Machine Learning,,10.52202/079017-1430,"{""basis"": ""publication_date_recorded_unverified"", ""is_publication_date"": true, ""precision"": ""recorded"", ""source_ref"": ""metadata/history/2026-09-12/published_papers.jsonl:17"", ""uncertainty"": ""沿用本地发表日期，存在冲突时未裁决；未外部复验。"", ""value"": ""2024-12-10""}",,legacy_unverified,,"[""topic:multiphysics_pretraining"", ""topic:data_evaluation""]"
doi:10.52202/079017-1678,paper,Alias-Free Mamba Neural Operator,,10.52202/079017-1678,"{""basis"": ""publication_date_recorded_unverified"", ""is_publication_date"": true, ""precision"": ""recorded"", ""source_ref"": ""metadata/history/2026-09-12/published_papers.jsonl:20"", ""uncertainty"": ""沿用本地发表日期，存在冲突时未裁决；未外部复验。"", ""value"": ""2024-12-10""}",,legacy_unverified,,"[""topic:operator_learning"", ""topic:transformers"", ""topic:efficiency""]"
doi:10.52202/079017-2156,paper,PACE: Pacing Operator Learning to Accurate Optical Field Simulation for Complicated Photonic Devices,,10.52202/079017-2156,"{""basis"": ""publication_date_recorded_unverified"", ""is_publication_date"": true, ""precision"": ""recorded"", ""source_ref"": ""metadata/history/2026-09-12/published_papers.jsonl:23"", ""uncertainty"": ""沿用本地发表日期，存在冲突时未裁决；未外部复验。"", ""value"": ""2024-12-10""}",,legacy_unverified,,"[""topic:operator_learning""]"
doi:10.52202/079017-2201,paper,P2C2Net: PDE-Preserved Coarse Correction Network for efficient prediction of spatiotemporal dynamics,,10.52202/079017-2201,"{""basis"": ""publication_date_recorded_unverified"", ""is_publication_date"": true, ""precision"": ""recorded"", ""source_ref"": ""metadata/history/2026-09-12/published_papers.jsonl:19"", ""uncertainty"": ""沿用本地发表日期，存在冲突时未裁决；未外部复验。"", ""value"": ""2024-12-10""}",,legacy_unverified,,"[""topic:efficiency""]"
doi:10.52202/079017-2438,paper,Space-Time Continuous PDE Forecasting using Equivariant Neural Fields,,10.52202/079017-2438,"{""basis"": ""publication_date_recorded_unverified"", ""is_publication_date"": true, ""precision"": ""recorded"", ""source_ref"": ""metadata/history/2026-09-12/published_papers.jsonl:27"", ""uncertainty"": ""沿用本地发表日期，存在冲突时未裁决；未外部复验。"", ""value"": ""2024-12-10""}",,legacy_unverified,,[]
doi:10.52202/079017-3839,paper,Newton Informed Neural Operator for Solving Nonlinear Partial Differential Equations,,10.52202/079017-3839,"{""basis"": ""publication_date_recorded_unverified"", ""is_publication_date"": true, ""precision"": ""recorded"", ""source_ref"": ""metadata/history/2026-09-12/published_papers.jsonl:21"", ""uncertainty"": ""沿用本地发表日期，存在冲突时未裁决；未外部复验。"", ""value"": ""2024-12-10""}",,legacy_unverified,,"[""topic:operator_learning""]"
doi:10.52202/079017-4140,paper,DiffusionPDE: Generative PDE-Solving under Partial Observation,,10.52202/079017-4140,"{""basis"": ""publication_date_recorded_unverified"", ""is_publication_date"": true, ""precision"": ""recorded"", ""source_ref"": ""metadata/history/2026-09-12/published_papers.jsonl:22"", ""uncertainty"": ""沿用本地发表日期，存在冲突时未裁决；未外部复验。"", ""value"": ""2024-12-10""}",,legacy_unverified,,"[""topic:generative""]"
reference:arxiv:1910.03193,reference_work,DeepONet,1910.03193,,"{""basis"": ""arxiv_id_month_inferred"", ""is_publication_date"": false, ""value"": ""2019-10""}",,,,"[""topic:operator_learning""]"
reference:arxiv:2010.08895,reference_work,FNO（Fourier Neural Operator）,2010.08895,,"{""basis"": ""arxiv_id_month_inferred"", ""is_publication_date"": false, ""value"": ""2020-10""}",,,,"[""topic:operator_learning"", ""topic:multiphysics_pretraining"", ""topic:multiscale""]"
reference:arxiv:2209.15616,reference_work,PDEArena,2209.15616,,"{""basis"": ""arxiv_id_month_inferred"", ""is_publication_date"": false, ""value"": ""2022-09""}",,,,"[""topic:data_evaluation""]"
reference:arxiv:2210.07182,reference_work,PDEBench,2210.07182,,"{""basis"": ""arxiv_id_month_inferred"", ""is_publication_date"": false, ""value"": ""2022-10""}",,,,"[""topic:multiphysics_pretraining"", ""topic:data_evaluation""]"
reference:arxiv:2304.07993,reference_work,ICON（In-Context Operator Networks）,2304.07993,,"{""basis"": ""arxiv_id_month_inferred"", ""is_publication_date"": false, ""value"": ""2023-04""}",,,,"[""topic:in_context"", ""topic:adaptation""]"
reference:arxiv:2310.02994,reference_work,MPP（Multiple Physics Pretraining）,2310.02994,,"{""basis"": ""arxiv_id_month_inferred"", ""is_publication_date"": false, ""value"": ""2023-10""}",,,,"[""topic:multiphysics_pretraining"", ""topic:long_time""]"
reference:arxiv:2402.12365,reference_work,UPT（Universal Physics Transformers）,2402.12365,,"{""basis"": ""arxiv_id_month_inferred"", ""is_publication_date"": false, ""value"": ""2024-02""}",,,,"[""topic:representation"", ""topic:geometry"", ""topic:transformers""]"
reference:arxiv:2402.12652,reference_work,PDEformer-1,2402.12652,,"{""basis"": ""arxiv_id_month_inferred"", ""is_publication_date"": false, ""value"": ""2024-02""}",,,,"[""topic:symbolic_conditioning""]"
reference:arxiv:2403.07187,reference_work,UPS,2403.07187,,"{""basis"": ""arxiv_id_month_inferred"", ""is_publication_date"": false, ""value"": ""2024-03""}",,,,"[""topic:operator_learning"", ""topic:multiphysics_pretraining"", ""topic:adaptation"", ""topic:transformers""]"
reference:arxiv:2403.17728,reference_work,MAE-PDE（Masked Autoencoders are PDE Learners）,2403.17728,,"{""basis"": ""arxiv_id_month_inferred"", ""is_publication_date"": false, ""value"": ""2024-03""}",,,,"[""topic:representation"", ""topic:multiphysics_pretraining""]"
reference:arxiv:2405.17527,reference_work,Unisolver,2405.17527,,"{""basis"": ""arxiv_id_month_inferred"", ""is_publication_date"": false, ""value"": ""2024-05""}",,,,"[""topic:transformers""]"
reference:arxiv:2412.00568,reference_work,The Well,2412.00568,,"{""basis"": ""arxiv_id_month_inferred"", ""is_publication_date"": false, ""value"": ""2024-12""}",,,,"[""topic:multiphysics_pretraining"", ""topic:data_evaluation""]"
source:digests/PDE-FM-日报-20260723.md,source,digests/PDE-FM-日报-20260723.md,,,,,,digests/PDE-FM-日报-20260723.md,
source:digests/PDE-FM-日报-20260724.md,source,digests/PDE-FM-日报-20260724.md,,,,,,digests/PDE-FM-日报-20260724.md,
source:digests/PDE-FM-日报-20260725.md,source,digests/PDE-FM-日报-20260725.md,,,,,,digests/PDE-FM-日报-20260725.md,
source:digests/PDE-FM-日报-20260726.md,source,digests/PDE-FM-日报-20260726.md,,,,,,digests/PDE-FM-日报-20260726.md,
source:digests/PDE-FM-日报-20260727.md,source,digests/PDE-FM-日报-20260727.md,,,,,,digests/PDE-FM-日报-20260727.md,
source:digests/PDE-FM-日报-20260728.md,source,digests/PDE-FM-日报-20260728.md,,,,,,digests/PDE-FM-日报-20260728.md,
source:digests/PDE-FM-日报-20260729.md,source,digests/PDE-FM-日报-20260729.md,,,,,,digests/PDE-FM-日报-20260729.md,
source:digests/PDE-FM-日报-20260730.md,source,digests/PDE-FM-日报-20260730.md,,,,,,digests/PDE-FM-日报-20260730.md,
source:digests/PDE-FM-日报-20260731.md,source,digests/PDE-FM-日报-20260731.md,,,,,,digests/PDE-FM-日报-20260731.md,
source:digests/PDE-FM-日报-20260801.md,source,digests/PDE-FM-日报-20260801.md,,,,,,digests/PDE-FM-日报-20260801.md,
source:digests/PDE-FM-日报-20260802.md,source,digests/PDE-FM-日报-20260802.md,,,,,,digests/PDE-FM-日报-20260802.md,
source:digests/PDE-FM-日报-20260803.md,source,digests/PDE-FM-日报-20260803.md,,,,,,digests/PDE-FM-日报-20260803.md,
source:digests/PDE-FM-日报-20260804.md,source,digests/PDE-FM-日报-20260804.md,,,,,,digests/PDE-FM-日报-20260804.md,
source:digests/PDE-FM-日报-20260805.md,source,digests/PDE-FM-日报-20260805.md,,,,,,digests/PDE-FM-日报-20260805.md,
source:digests/PDE-FM-日报-20260806.md,source,digests/PDE-FM-日报-20260806.md,,,,,,digests/PDE-FM-日报-20260806.md,
source:digests/PDE-FM-日报-20260807.md,source,digests/PDE-FM-日报-20260807.md,,,,,,digests/PDE-FM-日报-20260807.md,
source:digests/PDE-FM-日报-20260808.md,source,digests/PDE-FM-日报-20260808.md,,,,,,digests/PDE-FM-日报-20260808.md,
source:digests/PDE-FM-日报-20260809.md,source,digests/PDE-FM-日报-20260809.md,,,,,,digests/PDE-FM-日报-20260809.md,
source:digests/PDE-FM-日报-20260810.md,source,digests/PDE-FM-日报-20260810.md,,,,,,digests/PDE-FM-日报-20260810.md,
source:digests/PDE-FM-日报-20260811.md,source,digests/PDE-FM-日报-20260811.md,,,,,,digests/PDE-FM-日报-20260811.md,
source:digests/PDE-FM-日报-20260812.md,source,digests/PDE-FM-日报-20260812.md,,,,,,digests/PDE-FM-日报-20260812.md,
source:digests/PDE-FM-日报-20260813.md,source,digests/PDE-FM-日报-20260813.md,,,,,,digests/PDE-FM-日报-20260813.md,
source:digests/PDE-FM-日报-20260814.md,source,digests/PDE-FM-日报-20260814.md,,,,,,digests/PDE-FM-日报-20260814.md,
source:digests/PDE-FM-日报-20260815.md,source,digests/PDE-FM-日报-20260815.md,,,,,,digests/PDE-FM-日报-20260815.md,
source:digests/PDE-FM-日报-20260816.md,source,digests/PDE-FM-日报-20260816.md,,,,,,digests/PDE-FM-日报-20260816.md,
source:digests/PDE-FM-日报-20260817.md,source,digests/PDE-FM-日报-20260817.md,,,,,,digests/PDE-FM-日报-20260817.md,
source:digests/PDE-FM-日报-20260818.md,source,digests/PDE-FM-日报-20260818.md,,,,,,digests/PDE-FM-日报-20260818.md,
source:digests/PDE-FM-日报-20260819.md,source,digests/PDE-FM-日报-20260819.md,,,,,,digests/PDE-FM-日报-20260819.md,
source:digests/PDE-FM-日报-20260820.md,source,digests/PDE-FM-日报-20260820.md,,,,,,digests/PDE-FM-日报-20260820.md,
source:digests/PDE-FM-日报-20260821.md,source,digests/PDE-FM-日报-20260821.md,,,,,,digests/PDE-FM-日报-20260821.md,
source:digests/PDE-FM-日报-20260822.md,source,digests/PDE-FM-日报-20260822.md,,,,,,digests/PDE-FM-日报-20260822.md,
source:digests/PDE-FM-日报-20260823.md,source,digests/PDE-FM-日报-20260823.md,,,,,,digests/PDE-FM-日报-20260823.md,
source:digests/PDE-FM-日报-20260824.md,source,digests/PDE-FM-日报-20260824.md,,,,,,digests/PDE-FM-日报-20260824.md,
source:digests/PDE-FM-日报-20260825.md,source,digests/PDE-FM-日报-20260825.md,,,,,,digests/PDE-FM-日报-20260825.md,
source:digests/PDE-FM-日报-20260826.md,source,digests/PDE-FM-日报-20260826.md,,,,,,digests/PDE-FM-日报-20260826.md,
source:digests/PDE-FM-日报-20260827.md,source,digests/PDE-FM-日报-20260827.md,,,,,,digests/PDE-FM-日报-20260827.md,
source:digests/PDE-FM-日报-20260828.md,source,digests/PDE-FM-日报-20260828.md,,,,,,digests/PDE-FM-日报-20260828.md,
source:digests/PDE-FM-日报-20260829.md,source,digests/PDE-FM-日报-20260829.md,,,,,,digests/PDE-FM-日报-20260829.md,
source:digests/PDE-FM-日报-20260830.md,source,digests/PDE-FM-日报-20260830.md,,,,,,digests/PDE-FM-日报-20260830.md,
source:digests/PDE-FM-日报-20260831.md,source,digests/PDE-FM-日报-20260831.md,,,,,,digests/PDE-FM-日报-20260831.md,
source:digests/PDE-FM-日报-20260901.md,source,digests/PDE-FM-日报-20260901.md,,,,,,digests/PDE-FM-日报-20260901.md,
source:digests/PDE-FM-日报-20260902.md,source,digests/PDE-FM-日报-20260902.md,,,,,,digests/PDE-FM-日报-20260902.md,
source:digests/PDE-FM-日报-20260903.md,source,digests/PDE-FM-日报-20260903.md,,,,,,digests/PDE-FM-日报-20260903.md,
source:digests/PDE-FM-日报-20260904.md,source,digests/PDE-FM-日报-20260904.md,,,,,,digests/PDE-FM-日报-20260904.md,
source:digests/PDE-FM-日报-20260905.md,source,digests/PDE-FM-日报-20260905.md,,,,,,digests/PDE-FM-日报-20260905.md,
source:digests/PDE-FM-日报-20260906.md,source,digests/PDE-FM-日报-20260906.md,,,,,,digests/PDE-FM-日报-20260906.md,
source:digests/PDE-FM-日报-20260907.md,source,digests/PDE-FM-日报-20260907.md,,,,,,digests/PDE-FM-日报-20260907.md,
source:digests/PDE-FM-日报-20260908.md,source,digests/PDE-FM-日报-20260908.md,,,,,,digests/PDE-FM-日报-20260908.md,
source:digests/PDE-FM-日报-20260909.md,source,digests/PDE-FM-日报-20260909.md,,,,,,digests/PDE-FM-日报-20260909.md,
source:digests/PDE-FM-日报-20260910.md,source,digests/PDE-FM-日报-20260910.md,,,,,,digests/PDE-FM-日报-20260910.md,
source:digests/PDE-FM-日报-20260911.md,source,digests/PDE-FM-日报-20260911.md,,,,,,digests/PDE-FM-日报-20260911.md,
source:digests/PDE-FM-日报-20260912.md,source,digests/PDE-FM-日报-20260912.md,,,,,,digests/PDE-FM-日报-20260912.md,
source:digests/PDE-FM-日报-20260913.md,source,digests/PDE-FM-日报-20260913.md,,,,,,digests/PDE-FM-日报-20260913.md,
source:digests/PDE-FM-日报-20260914.md,source,digests/PDE-FM-日报-20260914.md,,,,,,digests/PDE-FM-日报-20260914.md,
source:digests/PDE-FM-日报-20260915.md,source,digests/PDE-FM-日报-20260915.md,,,,,,digests/PDE-FM-日报-20260915.md,
source:digests/PDE-FM-日报-20260917.md,source,digests/PDE-FM-日报-20260917.md,,,,,,digests/PDE-FM-日报-20260917.md,
source:digests/PDE-FM-日报-20260918.md,source,digests/PDE-FM-日报-20260918.md,,,,,,digests/PDE-FM-日报-20260918.md,
source:digests/PDE-FM-日报-20260919.md,source,digests/PDE-FM-日报-20260919.md,,,,,,digests/PDE-FM-日报-20260919.md,
source:digests/archive-ai-for-pde/README.md,source,digests/archive-ai-for-pde/README.md,,,,,,digests/archive-ai-for-pde/README.md,
source:digests/archive-ai-for-pde/daily/AI-for-PDE-日报-20260419.md,source,digests/archive-ai-for-pde/daily/AI-for-PDE-日报-20260419.md,,,,,,digests/archive-ai-for-pde/daily/AI-for-PDE-日报-20260419.md,
source:digests/archive-ai-for-pde/daily/AI-for-PDE-日报-20260420.md,source,digests/archive-ai-for-pde/daily/AI-for-PDE-日报-20260420.md,,,,,,digests/archive-ai-for-pde/daily/AI-for-PDE-日报-20260420.md,
source:digests/archive-ai-for-pde/daily/AI-for-PDE-日报-20260421.md,source,digests/archive-ai-for-pde/daily/AI-for-PDE-日报-20260421.md,,,,,,digests/archive-ai-for-pde/daily/AI-for-PDE-日报-20260421.md,
source:digests/archive-ai-for-pde/daily/AI-for-PDE-日报-20260422.md,source,digests/archive-ai-for-pde/daily/AI-for-PDE-日报-20260422.md,,,,,,digests/archive-ai-for-pde/daily/AI-for-PDE-日报-20260422.md,
source:digests/archive-ai-for-pde/daily/AI-for-PDE-日报-20260423.md,source,digests/archive-ai-for-pde/daily/AI-for-PDE-日报-20260423.md,,,,,,digests/archive-ai-for-pde/daily/AI-for-PDE-日报-20260423.md,
source:digests/archive-ai-for-pde/daily/AI-for-PDE-日报-20260424.md,source,digests/archive-ai-for-pde/daily/AI-for-PDE-日报-20260424.md,,,,,,digests/archive-ai-for-pde/daily/AI-for-PDE-日报-20260424.md,
source:digests/archive-ai-for-pde/daily/AI-for-PDE-日报-20260425.md,source,digests/archive-ai-for-pde/daily/AI-for-PDE-日报-20260425.md,,,,,,digests/archive-ai-for-pde/daily/AI-for-PDE-日报-20260425.md,
source:digests/archive-ai-for-pde/daily/AI-for-PDE-日报-20260426.md,source,digests/archive-ai-for-pde/daily/AI-for-PDE-日报-20260426.md,,,,,,digests/archive-ai-for-pde/daily/AI-for-PDE-日报-20260426.md,
source:digests/archive-ai-for-pde/daily/AI-for-PDE-日报-20260427.md,source,digests/archive-ai-for-pde/daily/AI-for-PDE-日报-20260427.md,,,,,,digests/archive-ai-for-pde/daily/AI-for-PDE-日报-20260427.md,
source:digests/archive-ai-for-pde/daily/AI-for-PDE-日报-20260428.md,source,digests/archive-ai-for-pde/daily/AI-for-PDE-日报-20260428.md,,,,,,digests/archive-ai-for-pde/daily/AI-for-PDE-日报-20260428.md,
source:digests/archive-ai-for-pde/daily/AI-for-PDE-日报-20260429.md,source,digests/archive-ai-for-pde/daily/AI-for-PDE-日报-20260429.md,,,,,,digests/archive-ai-for-pde/daily/AI-for-PDE-日报-20260429.md,
source:digests/archive-ai-for-pde/daily/AI-for-PDE-日报-20260501.md,source,digests/archive-ai-for-pde/daily/AI-for-PDE-日报-20260501.md,,,,,,digests/archive-ai-for-pde/daily/AI-for-PDE-日报-20260501.md,
source:digests/archive-ai-for-pde/daily/AI-for-PDE-日报-20260524.md,source,digests/archive-ai-for-pde/daily/AI-for-PDE-日报-20260524.md,,,,,,digests/archive-ai-for-pde/daily/AI-for-PDE-日报-20260524.md,
source:digests/archive-ai-for-pde/daily/AI-for-PDE-日报-20260525.md,source,digests/archive-ai-for-pde/daily/AI-for-PDE-日报-20260525.md,,,,,,digests/archive-ai-for-pde/daily/AI-for-PDE-日报-20260525.md,
source:digests/archive-ai-for-pde/daily/AI-for-PDE-日报-20260526.md,source,digests/archive-ai-for-pde/daily/AI-for-PDE-日报-20260526.md,,,,,,digests/archive-ai-for-pde/daily/AI-for-PDE-日报-20260526.md,
source:digests/archive-ai-for-pde/daily/AI-for-PDE-日报-20260527.md,source,digests/archive-ai-for-pde/daily/AI-for-PDE-日报-20260527.md,,,,,,digests/archive-ai-for-pde/daily/AI-for-PDE-日报-20260527.md,
source:digests/archive-ai-for-pde/daily/AI-for-PDE-日报-20260528.md,source,digests/archive-ai-for-pde/daily/AI-for-PDE-日报-20260528.md,,,,,,digests/archive-ai-for-pde/daily/AI-for-PDE-日报-20260528.md,
source:digests/archive-ai-for-pde/daily/AI-for-PDE-日报-20260529.md,source,digests/archive-ai-for-pde/daily/AI-for-PDE-日报-20260529.md,,,,,,digests/archive-ai-for-pde/daily/AI-for-PDE-日报-20260529.md,
source:digests/archive-ai-for-pde/daily/AI-for-PDE-日报-20260530.md,source,digests/archive-ai-for-pde/daily/AI-for-PDE-日报-20260530.md,,,,,,digests/archive-ai-for-pde/daily/AI-for-PDE-日报-20260530.md,
source:digests/archive-ai-for-pde/daily/AI-for-PDE-日报-20260531.md,source,digests/archive-ai-for-pde/daily/AI-for-PDE-日报-20260531.md,,,,,,digests/archive-ai-for-pde/daily/AI-for-PDE-日报-20260531.md,
source:digests/archive-ai-for-pde/daily/AI-for-PDE-日报-20260601.md,source,digests/archive-ai-for-pde/daily/AI-for-PDE-日报-20260601.md,,,,,,digests/archive-ai-for-pde/daily/AI-for-PDE-日报-20260601.md,
source:digests/archive-ai-for-pde/daily/AI-for-PDE-日报-20260602.md,source,digests/archive-ai-for-pde/daily/AI-for-PDE-日报-20260602.md,,,,,,digests/archive-ai-for-pde/daily/AI-for-PDE-日报-20260602.md,
source:digests/archive-ai-for-pde/daily/AI-for-PDE-日报-20260603.md,source,digests/archive-ai-for-pde/daily/AI-for-PDE-日报-20260603.md,,,,,,digests/archive-ai-for-pde/daily/AI-for-PDE-日报-20260603.md,
source:digests/archive-ai-for-pde/daily/AI-for-PDE-日报-20260604.md,source,digests/archive-ai-for-pde/daily/AI-for-PDE-日报-20260604.md,,,,,,digests/archive-ai-for-pde/daily/AI-for-PDE-日报-20260604.md,
source:digests/archive-ai-for-pde/daily/AI-for-PDE-日报-20260605.md,source,digests/archive-ai-for-pde/daily/AI-for-PDE-日报-20260605.md,,,,,,digests/archive-ai-for-pde/daily/AI-for-PDE-日报-20260605.md,
source:digests/archive-ai-for-pde/daily/AI-for-PDE-日报-20260606.md,source,digests/archive-ai-for-pde/daily/AI-for-PDE-日报-20260606.md,,,,,,digests/archive-ai-for-pde/daily/AI-for-PDE-日报-20260606.md,
source:digests/archive-ai-for-pde/daily/AI-for-PDE-日报-20260607.md,source,digests/archive-ai-for-pde/daily/AI-for-PDE-日报-20260607.md,,,,,,digests/archive-ai-for-pde/daily/AI-for-PDE-日报-20260607.md,
source:digests/archive-ai-for-pde/daily/AI-for-PDE-日报-20260608.md,source,digests/archive-ai-for-pde/daily/AI-for-PDE-日报-20260608.md,,,,,,digests/archive-ai-for-pde/daily/AI-for-PDE-日报-20260608.md,
source:digests/archive-ai-for-pde/daily/AI-for-PDE-日报-20260609.md,source,digests/archive-ai-for-pde/daily/AI-for-PDE-日报-20260609.md,,,,,,digests/archive-ai-for-pde/daily/AI-for-PDE-日报-20260609.md,
source:digests/archive-ai-for-pde/daily/AI-for-PDE-日报-20260610.md,source,digests/archive-ai-for-pde/daily/AI-for-PDE-日报-20260610.md,,,,,,digests/archive-ai-for-pde/daily/AI-for-PDE-日报-20260610.md,
source:digests/archive-ai-for-pde/daily/AI-for-PDE-日报-20260611.md,source,digests/archive-ai-for-pde/daily/AI-for-PDE-日报-20260611.md,,,,,,digests/archive-ai-for-pde/daily/AI-for-PDE-日报-20260611.md,
source:digests/archive-ai-for-pde/daily/AI-for-PDE-日报-20260612.md,source,digests/archive-ai-for-pde/daily/AI-for-PDE-日报-20260612.md,,,,,,digests/archive-ai-for-pde/daily/AI-for-PDE-日报-20260612.md,
source:digests/archive-ai-for-pde/daily/AI-for-PDE-日报-20260613.md,source,digests/archive-ai-for-pde/daily/AI-for-PDE-日报-20260613.md,,,,,,digests/archive-ai-for-pde/daily/AI-for-PDE-日报-20260613.md,
source:digests/archive-ai-for-pde/daily/AI-for-PDE-日报-20260614.md,source,digests/archive-ai-for-pde/daily/AI-for-PDE-日报-20260614.md,,,,,,digests/archive-ai-for-pde/daily/AI-for-PDE-日报-20260614.md,
source:digests/archive-ai-for-pde/daily/AI-for-PDE-日报-20260615.md,source,digests/archive-ai-for-pde/daily/AI-for-PDE-日报-20260615.md,,,,,,digests/archive-ai-for-pde/daily/AI-for-PDE-日报-20260615.md,
source:digests/archive-ai-for-pde/daily/AI-for-PDE-日报-20260616.md,source,digests/archive-ai-for-pde/daily/AI-for-PDE-日报-20260616.md,,,,,,digests/archive-ai-for-pde/daily/AI-for-PDE-日报-20260616.md,
source:digests/archive-ai-for-pde/daily/AI-for-PDE-日报-20260617.md,source,digests/archive-ai-for-pde/daily/AI-for-PDE-日报-20260617.md,,,,,,digests/archive-ai-for-pde/daily/AI-for-PDE-日报-20260617.md,
source:digests/archive-ai-for-pde/daily/AI-for-PDE-日报-20260618.md,source,digests/archive-ai-for-pde/daily/AI-for-PDE-日报-20260618.md,,,,,,digests/archive-ai-for-pde/daily/AI-for-PDE-日报-20260618.md,
source:digests/archive-ai-for-pde/daily/AI-for-PDE-日报-20260619.md,source,digests/archive-ai-for-pde/daily/AI-for-PDE-日报-20260619.md,,,,,,digests/archive-ai-for-pde/daily/AI-for-PDE-日报-20260619.md,
source:digests/archive-ai-for-pde/daily/AI-for-PDE-日报-20260620.md,source,digests/archive-ai-for-pde/daily/AI-for-PDE-日报-20260620.md,,,,,,digests/archive-ai-for-pde/daily/AI-for-PDE-日报-20260620.md,
source:digests/archive-ai-for-pde/daily/AI-for-PDE-日报-20260621.md,source,digests/archive-ai-for-pde/daily/AI-for-PDE-日报-20260621.md,,,,,,digests/archive-ai-for-pde/daily/AI-for-PDE-日报-20260621.md,
source:digests/archive-ai-for-pde/daily/AI-for-PDE-日报-20260622.md,source,digests/archive-ai-for-pde/daily/AI-for-PDE-日报-20260622.md,,,,,,digests/archive-ai-for-pde/daily/AI-for-PDE-日报-20260622.md,
source:digests/archive-ai-for-pde/daily/AI-for-PDE-日报-20260623.md,source,digests/archive-ai-for-pde/daily/AI-for-PDE-日报-20260623.md,,,,,,digests/archive-ai-for-pde/daily/AI-for-PDE-日报-20260623.md,
source:digests/archive-ai-for-pde/daily/AI-for-PDE-日报-20260624.md,source,digests/archive-ai-for-pde/daily/AI-for-PDE-日报-20260624.md,,,,,,digests/archive-ai-for-pde/daily/AI-for-PDE-日报-20260624.md,
source:digests/archive-ai-for-pde/daily/AI-for-PDE-日报-20260626.md,source,digests/archive-ai-for-pde/daily/AI-for-PDE-日报-20260626.md,,,,,,digests/archive-ai-for-pde/daily/AI-for-PDE-日报-20260626.md,
source:digests/archive-ai-for-pde/daily/AI-for-PDE-日报-20260627.md,source,digests/archive-ai-for-pde/daily/AI-for-PDE-日报-20260627.md,,,,,,digests/archive-ai-for-pde/daily/AI-for-PDE-日报-20260627.md,
source:digests/archive-ai-for-pde/daily/AI-for-PDE-日报-20260628.md,source,digests/archive-ai-for-pde/daily/AI-for-PDE-日报-20260628.md,,,,,,digests/archive-ai-for-pde/daily/AI-for-PDE-日报-20260628.md,
source:digests/archive-ai-for-pde/daily/AI-for-PDE-日报-20260629.md,source,digests/archive-ai-for-pde/daily/AI-for-PDE-日报-20260629.md,,,,,,digests/archive-ai-for-pde/daily/AI-for-PDE-日报-20260629.md,
source:digests/archive-ai-for-pde/daily/AI-for-PDE-日报-20260630.md,source,digests/archive-ai-for-pde/daily/AI-for-PDE-日报-20260630.md,,,,,,digests/archive-ai-for-pde/daily/AI-for-PDE-日报-20260630.md,
source:digests/archive-ai-for-pde/daily/AI-for-PDE-日报-20260701.md,source,digests/archive-ai-for-pde/daily/AI-for-PDE-日报-20260701.md,,,,,,digests/archive-ai-for-pde/daily/AI-for-PDE-日报-20260701.md,
source:digests/archive-ai-for-pde/daily/AI-for-PDE-日报-20260702.md,source,digests/archive-ai-for-pde/daily/AI-for-PDE-日报-20260702.md,,,,,,digests/archive-ai-for-pde/daily/AI-for-PDE-日报-20260702.md,
source:digests/archive-ai-for-pde/daily/AI-for-PDE-日报-20260705.md,source,digests/archive-ai-for-pde/daily/AI-for-PDE-日报-20260705.md,,,,,,digests/archive-ai-for-pde/daily/AI-for-PDE-日报-20260705.md,
source:digests/archive-ai-for-pde/daily/AI-for-PDE-日报-20260706.md,source,digests/archive-ai-for-pde/daily/AI-for-PDE-日报-20260706.md,,,,,,digests/archive-ai-for-pde/daily/AI-for-PDE-日报-20260706.md,
source:digests/archive-ai-for-pde/daily/AI-for-PDE-日报-20260707.md,source,digests/archive-ai-for-pde/daily/AI-for-PDE-日报-20260707.md,,,,,,digests/archive-ai-for-pde/daily/AI-for-PDE-日报-20260707.md,
source:digests/archive-ai-for-pde/daily/AI-for-PDE-日报-20260708.md,source,digests/archive-ai-for-pde/daily/AI-for-PDE-日报-20260708.md,,,,,,digests/archive-ai-for-pde/daily/AI-for-PDE-日报-20260708.md,
source:digests/archive-ai-for-pde/daily/AI-for-PDE-日报-20260710.md,source,digests/archive-ai-for-pde/daily/AI-for-PDE-日报-20260710.md,,,,,,digests/archive-ai-for-pde/daily/AI-for-PDE-日报-20260710.md,
source:digests/archive-ai-for-pde/daily/AI-for-PDE-日报-20260711.md,source,digests/archive-ai-for-pde/daily/AI-for-PDE-日报-20260711.md,,,,,,digests/archive-ai-for-pde/daily/AI-for-PDE-日报-20260711.md,
source:digests/archive-ai-for-pde/daily/AI-for-PDE-日报-20260712.md,source,digests/archive-ai-for-pde/daily/AI-for-PDE-日报-20260712.md,,,,,,digests/archive-ai-for-pde/daily/AI-for-PDE-日报-20260712.md,
source:digests/archive-ai-for-pde/daily/AI-for-PDE-日报-20260713.md,source,digests/archive-ai-for-pde/daily/AI-for-PDE-日报-20260713.md,,,,,,digests/archive-ai-for-pde/daily/AI-for-PDE-日报-20260713.md,
source:digests/archive-ai-for-pde/daily/AI-for-PDE-日报-20260714.md,source,digests/archive-ai-for-pde/daily/AI-for-PDE-日报-20260714.md,,,,,,digests/archive-ai-for-pde/daily/AI-for-PDE-日报-20260714.md,
source:digests/archive-ai-for-pde/daily/AI-for-PDE-日报-20260715.md,source,digests/archive-ai-for-pde/daily/AI-for-PDE-日报-20260715.md,,,,,,digests/archive-ai-for-pde/daily/AI-for-PDE-日报-20260715.md,
source:digests/archive-ai-for-pde/daily/AI-for-PDE-日报-20260716.md,source,digests/archive-ai-for-pde/daily/AI-for-PDE-日报-20260716.md,,,,,,digests/archive-ai-for-pde/daily/AI-for-PDE-日报-20260716.md,
source:digests/archive-ai-for-pde/daily/AI-for-PDE-日报-20260717.md,source,digests/archive-ai-for-pde/daily/AI-for-PDE-日报-20260717.md,,,,,,digests/archive-ai-for-pde/daily/AI-for-PDE-日报-20260717.md,
source:digests/archive-ai-for-pde/daily/AI-for-PDE-日报-20260718.md,source,digests/archive-ai-for-pde/daily/AI-for-PDE-日报-20260718.md,,,,,,digests/archive-ai-for-pde/daily/AI-for-PDE-日报-20260718.md,
source:digests/archive-ai-for-pde/daily/AI-for-PDE-日报-20260719.md,source,digests/archive-ai-for-pde/daily/AI-for-PDE-日报-20260719.md,,,,,,digests/archive-ai-for-pde/daily/AI-for-PDE-日报-20260719.md,
source:digests/archive-ai-for-pde/daily/AI-for-PDE-日报-20260720.md,source,digests/archive-ai-for-pde/daily/AI-for-PDE-日报-20260720.md,,,,,,digests/archive-ai-for-pde/daily/AI-for-PDE-日报-20260720.md,
source:digests/archive-ai-for-pde/daily/AI-for-PDE-日报-20260721.md,source,digests/archive-ai-for-pde/daily/AI-for-PDE-日报-20260721.md,,,,,,digests/archive-ai-for-pde/daily/AI-for-PDE-日报-20260721.md,
source:digests/archive-ai-for-pde/daily/AI-for-PDE-日报-20260722.md,source,digests/archive-ai-for-pde/daily/AI-for-PDE-日报-20260722.md,,,,,,digests/archive-ai-for-pde/daily/AI-for-PDE-日报-20260722.md,
source:digests/archive-ai-for-pde/published/AI-for-PDE-正式发表周报-2026-W21.md,source,digests/archive-ai-for-pde/published/AI-for-PDE-正式发表周报-2026-W21.md,,,,,,digests/archive-ai-for-pde/published/AI-for-PDE-正式发表周报-2026-W21.md,
source:digests/archive-ai-for-pde/published/AI-for-PDE-正式发表周报-2026-W22.md,source,digests/archive-ai-for-pde/published/AI-for-PDE-正式发表周报-2026-W22.md,,,,,,digests/archive-ai-for-pde/published/AI-for-PDE-正式发表周报-2026-W22.md,
source:digests/archive-ai-for-pde/published/AI-for-PDE-正式发表周报-2026-W23.md,source,digests/archive-ai-for-pde/published/AI-for-PDE-正式发表周报-2026-W23.md,,,,,,digests/archive-ai-for-pde/published/AI-for-PDE-正式发表周报-2026-W23.md,
source:digests/archive-ai-for-pde/published/AI-for-PDE-正式发表周报-2026-W24.md,source,digests/archive-ai-for-pde/published/AI-for-PDE-正式发表周报-2026-W24.md,,,,,,digests/archive-ai-for-pde/published/AI-for-PDE-正式发表周报-2026-W24.md,
source:digests/archive-ai-for-pde/published/AI-for-PDE-正式发表周报-2026-W25.md,source,digests/archive-ai-for-pde/published/AI-for-PDE-正式发表周报-2026-W25.md,,,,,,digests/archive-ai-for-pde/published/AI-for-PDE-正式发表周报-2026-W25.md,
source:digests/archive-ai-for-pde/published/AI-for-PDE-正式发表周报-2026-W26.md,source,digests/archive-ai-for-pde/published/AI-for-PDE-正式发表周报-2026-W26.md,,,,,,digests/archive-ai-for-pde/published/AI-for-PDE-正式发表周报-2026-W26.md,
source:digests/archive-ai-for-pde/published/AI-for-PDE-正式发表周报-2026-W27.md,source,digests/archive-ai-for-pde/published/AI-for-PDE-正式发表周报-2026-W27.md,,,,,,digests/archive-ai-for-pde/published/AI-for-PDE-正式发表周报-2026-W27.md,
source:digests/archive-ai-for-pde/published/AI-for-PDE-正式发表周报-2026-W28.md,source,digests/archive-ai-for-pde/published/AI-for-PDE-正式发表周报-2026-W28.md,,,,,,digests/archive-ai-for-pde/published/AI-for-PDE-正式发表周报-2026-W28.md,
source:digests/archive-ai-for-pde/published/AI-for-PDE-正式发表周报-2026-W29.md,source,digests/archive-ai-for-pde/published/AI-for-PDE-正式发表周报-2026-W29.md,,,,,,digests/archive-ai-for-pde/published/AI-for-PDE-正式发表周报-2026-W29.md,
source:digests/archive-ai-for-pde/published/AI-for-PDE-正式发表周报-2026-W30.md,source,digests/archive-ai-for-pde/published/AI-for-PDE-正式发表周报-2026-W30.md,,,,,,digests/archive-ai-for-pde/published/AI-for-PDE-正式发表周报-2026-W30.md,
source:digests/archive-ai-for-pde/历史日报摘要.md,source,digests/archive-ai-for-pde/历史日报摘要.md,,,,,,digests/archive-ai-for-pde/历史日报摘要.md,
source:digests/published/AI-for-PDE-正式发表周报-2026-W30.md,source,digests/published/AI-for-PDE-正式发表周报-2026-W30.md,,,,,,digests/published/AI-for-PDE-正式发表周报-2026-W30.md,
source:digests/published/AI-for-PDE-正式发表周报-2026-W31.md,source,digests/published/AI-for-PDE-正式发表周报-2026-W31.md,,,,,,digests/published/AI-for-PDE-正式发表周报-2026-W31.md,
source:digests/published/AI-for-PDE-正式发表周报-2026-W32.md,source,digests/published/AI-for-PDE-正式发表周报-2026-W32.md,,,,,,digests/published/AI-for-PDE-正式发表周报-2026-W32.md,
source:digests/published/AI-for-PDE-正式发表周报-2026-W33.md,source,digests/published/AI-for-PDE-正式发表周报-2026-W33.md,,,,,,digests/published/AI-for-PDE-正式发表周报-2026-W33.md,
source:digests/published/AI-for-PDE-正式发表周报-2026-W34.md,source,digests/published/AI-for-PDE-正式发表周报-2026-W34.md,,,,,,digests/published/AI-for-PDE-正式发表周报-2026-W34.md,
source:digests/published/AI-for-PDE-正式发表周报-2026-W35.md,source,digests/published/AI-for-PDE-正式发表周报-2026-W35.md,,,,,,digests/published/AI-for-PDE-正式发表周报-2026-W35.md,
source:docs/LANDMARK_MODELS.md,source,docs/LANDMARK_MODELS.md,,,,,,docs/LANDMARK_MODELS.md,
source:metadata/history/2026-09-12/paper_registry.jsonl,source,metadata/history/2026-09-12/paper_registry.jsonl,,,,,,metadata/history/2026-09-12/paper_registry.jsonl,
source:metadata/history/2026-09-12/paper_registry_updates_2026_W25.jsonl,source,metadata/history/2026-09-12/paper_registry_updates_2026_W25.jsonl,,,,,,metadata/history/2026-09-12/paper_registry_updates_2026_W25.jsonl,
source:metadata/history/2026-09-12/paper_registry_updates_2026_W26.jsonl,source,metadata/history/2026-09-12/paper_registry_updates_2026_W26.jsonl,,,,,,metadata/history/2026-09-12/paper_registry_updates_2026_W26.jsonl,
source:metadata/history/2026-09-12/paper_registry_updates_2026_W27.jsonl,source,metadata/history/2026-09-12/paper_registry_updates_2026_W27.jsonl,,,,,,metadata/history/2026-09-12/paper_registry_updates_2026_W27.jsonl,
source:metadata/history/2026-09-12/paper_registry_updates_2026_W28.jsonl,source,metadata/history/2026-09-12/paper_registry_updates_2026_W28.jsonl,,,,,,metadata/history/2026-09-12/paper_registry_updates_2026_W28.jsonl,
source:metadata/history/2026-09-12/paper_registry_updates_2026_W30.jsonl,source,metadata/history/2026-09-12/paper_registry_updates_2026_W30.jsonl,,,,,,metadata/history/2026-09-12/paper_registry_updates_2026_W30.jsonl,
source:metadata/history/2026-09-12/paper_registry_updates_2026_W33.jsonl,source,metadata/history/2026-09-12/paper_registry_updates_2026_W33.jsonl,,,,,,metadata/history/2026-09-12/paper_registry_updates_2026_W33.jsonl,
source:metadata/history/2026-09-12/paper_registry_updates_2026_W35.jsonl,source,metadata/history/2026-09-12/paper_registry_updates_2026_W35.jsonl,,,,,,metadata/history/2026-09-12/paper_registry_updates_2026_W35.jsonl,
source:metadata/history/2026-09-12/published_papers.jsonl,source,metadata/history/2026-09-12/published_papers.jsonl,,,,,,metadata/history/2026-09-12/published_papers.jsonl,
source:metadata/history/2026-09-12/published_papers_2026_W25.jsonl,source,metadata/history/2026-09-12/published_papers_2026_W25.jsonl,,,,,,metadata/history/2026-09-12/published_papers_2026_W25.jsonl,
source:metadata/history/2026-09-12/published_papers_2026_W26.jsonl,source,metadata/history/2026-09-12/published_papers_2026_W26.jsonl,,,,,,metadata/history/2026-09-12/published_papers_2026_W26.jsonl,
source:metadata/history/2026-09-12/published_papers_2026_W27.jsonl,source,metadata/history/2026-09-12/published_papers_2026_W27.jsonl,,,,,,metadata/history/2026-09-12/published_papers_2026_W27.jsonl,
source:metadata/history/2026-09-12/published_papers_2026_W28.jsonl,source,metadata/history/2026-09-12/published_papers_2026_W28.jsonl,,,,,,metadata/history/2026-09-12/published_papers_2026_W28.jsonl,
source:metadata/history/2026-09-12/published_papers_2026_W29.jsonl,source,metadata/history/2026-09-12/published_papers_2026_W29.jsonl,,,,,,metadata/history/2026-09-12/published_papers_2026_W29.jsonl,
source:metadata/history/2026-09-12/published_papers_2026_W30.jsonl,source,metadata/history/2026-09-12/published_papers_2026_W30.jsonl,,,,,,metadata/history/2026-09-12/published_papers_2026_W30.jsonl,
source:metadata/history/2026-09-12/published_papers_2026_W31.jsonl,source,metadata/history/2026-09-12/published_papers_2026_W31.jsonl,,,,,,metadata/history/2026-09-12/published_papers_2026_W31.jsonl,
source:metadata/history/2026-09-12/published_papers_2026_W32.jsonl,source,metadata/history/2026-09-12/published_papers_2026_W32.jsonl,,,,,,metadata/history/2026-09-12/published_papers_2026_W32.jsonl,
source:metadata/history/2026-09-12/published_papers_2026_W33.jsonl,source,metadata/history/2026-09-12/published_papers_2026_W33.jsonl,,,,,,metadata/history/2026-09-12/published_papers_2026_W33.jsonl,
source:metadata/history/2026-09-12/published_papers_2026_W34.jsonl,source,metadata/history/2026-09-12/published_papers_2026_W34.jsonl,,,,,,metadata/history/2026-09-12/published_papers_2026_W34.jsonl,
source:metadata/history/2026-09-12/published_papers_2026_W35.jsonl,source,metadata/history/2026-09-12/published_papers_2026_W35.jsonl,,,,,,metadata/history/2026-09-12/published_papers_2026_W35.jsonl,
source:metadata/history/2026-09-12/seen_papers.txt,source,metadata/history/2026-09-12/seen_papers.txt,,,,,,metadata/history/2026-09-12/seen_papers.txt,
source:metadata/inbox/2026-09-15.jsonl,source,metadata/inbox/2026-09-15.jsonl,,,,,,metadata/inbox/2026-09-15.jsonl,
source:metadata/inbox/2026-09-17.jsonl,source,metadata/inbox/2026-09-17.jsonl,,,,,,metadata/inbox/2026-09-17.jsonl,
source:metadata/inbox/2026-09-18.jsonl,source,metadata/inbox/2026-09-18.jsonl,,,,,,metadata/inbox/2026-09-18.jsonl,
source:metadata/inbox/2026-09-19.jsonl,source,metadata/inbox/2026-09-19.jsonl,,,,,,metadata/inbox/2026-09-19.jsonl,
topic:adaptation,topic,迁移适配与泛化,,,,,,,
topic:data_evaluation,topic,数据集与评测协议,,,,,,,
topic:efficiency,topic,效率与计算扩展,,,,,,,
topic:generative,topic,生成式求解,,,,,,,
topic:geometry,topic,几何网格与拓扑,,,,,,,
topic:hybrid_solvers,topic,混合求解与模块组合,,,,,,,
topic:in_context,topic,上下文算子学习,,,,,,,
topic:inverse_control,topic,反问题辨识与控制,,,,,,,
topic:long_time,topic,长时演化与稳定性,,,,,,,
topic:multiphysics_pretraining,topic,多物理基座与预训练,,,,,,,
topic:multiscale,topic,多尺度与频谱,,,,,,,
topic:operator_learning,topic,神经算子与函数空间,,,,,,,
topic:optimization,topic,训练优化与采样,,,,,,,
topic:physics_constraints,topic,物理约束与守恒,,,,,,,
topic:plasma,topic,等离子体与动力学,,,,,,,
topic:radiation_euv,topic,激光辐射与EUV,,,,,,,
topic:representation,topic,物理场表示与编码,,,,,,,
topic:scaling,topic,缩放规律与数据配比,,,,,,,
topic:symbolic_conditioning,topic,方程符号与条件化,,,,,,,
topic:theory,topic,逼近理论与误差分析,,,,,,,
topic:transformers,topic,Transformer与序列架构,,,,,,,
topic:uncertainty,topic,不确定性与统计推断,,,,,,,
unresolved:3df8222d016e34f0fc7d,paper,Hyperbolic Neural Operator,,,"{""basis"": ""publication_date_recorded_unverified"", ""is_publication_date"": true, ""precision"": ""recorded"", ""source_ref"": ""metadata/history/2026-09-12/published_papers.jsonl:48"", ""uncertainty"": ""沿用本地发表日期，存在冲突时未裁决；未外部复验。"", ""value"": ""2026-07-06""}",,legacy_unverified,,"[""topic:operator_learning"", ""topic:geometry"", ""topic:data_evaluation"", ""topic:transformers""]"
unresolved:45e80f640607a822a263,paper,Geometry-informed neural operator for large-scale 3D PDEs,,,"{""basis"": ""publication_date_recorded_unverified"", ""is_publication_date"": true, ""precision"": ""recorded"", ""source_ref"": ""metadata/history/2026-09-12/published_papers_2026_W27.jsonl:7"", ""uncertainty"": ""沿用本地发表日期，存在冲突时未裁决；未外部复验。"", ""value"": ""2023-12-10""}",,legacy_unverified,,"[""topic:operator_learning"", ""topic:geometry""]"
unresolved:5d95ae7f6c1384f49ff0,paper,DeltaPhi: Physical States Residual Learning for Neural Operators in Data-Limited PDE Solving,,,"{""basis"": ""publication_date_recorded_unverified"", ""is_publication_date"": true, ""precision"": ""recorded"", ""source_ref"": ""metadata/history/2026-09-12/published_papers.jsonl:58"", ""uncertainty"": ""沿用本地发表日期，存在冲突时未裁决；未外部复验。"", ""value"": ""2025-12-02""}",,legacy_unverified,,"[""topic:operator_learning"", ""topic:efficiency""]"
unresolved:ca374b5c0ab82c33c073,paper,Riesz Neural Operator for Solving Partial Differential Equations,,,"{""basis"": ""publication_date_recorded_unverified"", ""is_publication_date"": true, ""precision"": ""recorded"", ""source_ref"": ""metadata/history/2026-09-12/published_papers.jsonl:55"", ""uncertainty"": ""沿用本地发表日期，存在冲突时未裁决；未外部复验。"", ""value"": ""2026-04-23""}",,legacy_unverified,,"[""topic:operator_learning"", ""topic:multiscale"", ""topic:data_evaluation"", ""topic:adaptation""]"
unresolved:ebc4e45d7908178d61af,paper,PDEArena: A benchmark suite for neural PDE solvers,,,"{""basis"": ""publication_date_recorded_unverified"", ""is_publication_date"": true, ""precision"": ""recorded"", ""source_ref"": ""metadata/history/2026-09-12/published_papers.jsonl:18"", ""uncertainty"": ""沿用本地发表日期，存在冲突时未裁决；未外部复验。"", ""value"": ""2023-12-10""}",,legacy_unverified,,"[""topic:data_evaluation""]"
